Entity,Code,Year,Under-five mortality rate (selected)
Brazil,BRA,1934,26.44
Brazil,BRA,1935,26.23
Brazil,BRA,1936,26
Brazil,BRA,1937,25.69
Brazil,BRA,1938,25.43
Brazil,BRA,1939,25.19
Brazil,BRA,1940,24.93
Brazil,BRA,1941,24.63
Brazil,BRA,1942,24.37
Brazil,BRA,1943,24.08
Brazil,BRA,1944,23.78
Brazil,BRA,1945,23.46
Brazil,BRA,1946,23.11
Brazil,BRA,1947,22.76
Brazil,BRA,1948,22.38
Brazil,BRA,1949,22.01
Brazil,BRA,1950,21.61
Brazil,BRA,1951,21.19
Brazil,BRA,1952,20.75
Brazil,BRA,1953,20.31
Brazil,BRA,1954,19.86
Brazil,BRA,1955,19.39
Brazil,BRA,1956,18.91
Brazil,BRA,1957,18.42
Brazil,BRA,1958,17.93
Brazil,BRA,1959,17.44
Brazil,BRA,1960,16.94
Brazil,BRA,1961,16.47
Brazil,BRA,1962,16.03
Brazil,BRA,1963,15.61
Brazil,BRA,1964,15.22
Brazil,BRA,1965,14.86
Brazil,BRA,1966,14.52
Brazil,BRA,1967,14.19
Brazil,BRA,1968,13.88
Brazil,BRA,1969,13.55
Brazil,BRA,1970,13.22
Brazil,BRA,1971,12.89
Brazil,BRA,1972,12.55
Brazil,BRA,1973,12.21
Brazil,BRA,1974,11.89
Brazil,BRA,1975,11.56
Brazil,BRA,1976,11.21
Brazil,BRA,1977,10.83
Brazil,BRA,1978,10.43
Brazil,BRA,1979,10.01
Brazil,BRA,1980,9.57
Brazil,BRA,1981,9.14
Brazil,BRA,1982,8.73
Brazil,BRA,1983,8.34
Brazil,BRA,1984,7.98
Brazil,BRA,1985,7.67
Brazil,BRA,1986,7.38
Brazil,BRA,1987,7.11
Brazil,BRA,1988,6.84
Brazil,BRA,1989,6.58
Brazil,BRA,1990,6.31
Brazil,BRA,1991,6.02
Brazil,BRA,1992,5.72
Brazil,BRA,1993,5.41
Brazil,BRA,1994,5.09
Brazil,BRA,1995,4.77
Brazil,BRA,1996,4.47
Brazil,BRA,1997,4.19
Brazil,BRA,1998,3.93
Brazil,BRA,1999,3.68
Brazil,BRA,2000,3.45
Brazil,BRA,2001,3.22
Brazil,BRA,2002,3.01
Brazil,BRA,2003,2.81
Brazil,BRA,2004,2.63
Brazil,BRA,2005,2.46
Brazil,BRA,2006,2.31
Brazil,BRA,2007,2.17
Brazil,BRA,2008,2.05
Brazil,BRA,2009,1.95
Brazil,BRA,2010,1.86
Brazil,BRA,2011,1.79
Brazil,BRA,2012,1.72
Brazil,BRA,2013,1.67
Brazil,BRA,2014,1.63
Brazil,BRA,2015,1.6
Brazil,BRA,2016,1.68
Brazil,BRA,2017,1.54
Brazil,BRA,2018,1.52
Brazil,BRA,2019,1.5
Brazil,BRA,2020,1.49
Brazil,BRA,2021,1.47
Brazil,BRA,2022,1.46
Brazil,BRA,2023,1.44
France,FRA,1816,27.32
France,FRA,1817,28.35
France,FRA,1818,29.37
France,FRA,1819,31.22
France,FRA,1820,28.48
France,FRA,1821,28.73
France,FRA,1822,30.94
France,FRA,1823,28.92
France,FRA,1824,30.56
France,FRA,1825,30.57
France,FRA,1826,30.37
France,FRA,1827,28.45
France,FRA,1828,31.28
France,FRA,1829,28.43
France,FRA,1830,28.29
France,FRA,1831,28.35
France,FRA,1832,29.8
France,FRA,1833,28.65
France,FRA,1834,33.8
France,FRA,1835,27.73
France,FRA,1836,25.91
France,FRA,1837,27.41
France,FRA,1838,28.65
France,FRA,1839,26.8
France,FRA,1840,26.07
France,FRA,1841,26.25
France,FRA,1842,27.01
France,FRA,1843,26.89
France,FRA,1844,25.19
France,FRA,1845,23.69
France,FRA,1846,27.16
France,FRA,1847,25.81
France,FRA,1848,26.48
France,FRA,1849,30.11
France,FRA,1850,23.81
France,FRA,1851,26.21
France,FRA,1852,26.51
France,FRA,1853,24.44
France,FRA,1854,29.8
France,FRA,1855,27.87
France,FRA,1856,26.86
France,FRA,1857,28.55
France,FRA,1858,28.25
France,FRA,1859,34.73
France,FRA,1860,24.33
France,FRA,1861,29.11
France,FRA,1862,25.83
France,FRA,1863,27.52
France,FRA,1864,26.49
France,FRA,1865,28.33
France,FRA,1866,25.33
France,FRA,1867,26.35
France,FRA,1868,28.84
France,FRA,1869,27.36
France,FRA,1870,30.03
France,FRA,1871,34.39
France,FRA,1872,25.49
France,FRA,1873,26.7
France,FRA,1874,24.17
France,FRA,1875,24.57
France,FRA,1876,24.04
France,FRA,1877,23.7
France,FRA,1878,24.95
France,FRA,1879,23.54
France,FRA,1880,25.7
France,FRA,1881,24.41
France,FRA,1882,24.84
France,FRA,1883,24.79
France,FRA,1884,26
France,FRA,1885,24.02
France,FRA,1886,25
France,FRA,1887,24.26
France,FRA,1888,24.18
France,FRA,1889,22.95
France,FRA,1890,25.06
France,FRA,1891,23.55
France,FRA,1892,25.02
France,FRA,1893,24.9
France,FRA,1894,22.63
France,FRA,1895,22.82
France,FRA,1896,20.32
France,FRA,1897,20.7
France,FRA,1898,22.85
France,FRA,1899,23.42
France,FRA,1900,22.4
France,FRA,1901,20.66
France,FRA,1902,19.66
France,FRA,1903,19.44
France,FRA,1904,20.17
France,FRA,1905,19.06
France,FRA,1906,20
France,FRA,1907,18.4
France,FRA,1908,18.16
France,FRA,1909,16.75
France,FRA,1910,16.01
France,FRA,1911,20.43
France,FRA,1912,15.7
France,FRA,1913,16.3
France,FRA,1914,15.51
France,FRA,1915,16.59
France,FRA,1916,16.42
France,FRA,1917,18.1
France,FRA,1918,22.16
France,FRA,1919,17.78
France,FRA,1920,16.78
France,FRA,1921,15.52
France,FRA,1922,11.91
France,FRA,1923,13.4
France,FRA,1924,11.89
France,FRA,1925,12.75
France,FRA,1926,13.42
France,FRA,1927,11.8
France,FRA,1928,12.66
France,FRA,1929,13.02
France,FRA,1930,10.94
France,FRA,1931,10.47
France,FRA,1932,10.62
France,FRA,1933,10.04
France,FRA,1934,9.77
France,FRA,1935,9.18
France,FRA,1936,9.24
France,FRA,1937,8.98
France,FRA,1938,8.95
France,FRA,1939,8.57
France,FRA,1940,11.53
France,FRA,1941,9.41
France,FRA,1942,9.66
France,FRA,1943,10.11
France,FRA,1944,10.5
France,FRA,1945,13.63
France,FRA,1946,9.73
France,FRA,1947,8.27
France,FRA,1948,6.51
France,FRA,1949,6.12
France,FRA,1950,5.71
France,FRA,1951,5.33
France,FRA,1952,4.97
France,FRA,1953,4.63
France,FRA,1954,4.31
France,FRA,1955,4.01
France,FRA,1956,3.74
France,FRA,1957,3.48
France,FRA,1958,3.24
France,FRA,1959,3.03
France,FRA,1960,2.85
France,FRA,1961,2.7
France,FRA,1962,2.57
France,FRA,1963,2.45
France,FRA,1964,2.34
France,FRA,1965,2.24
France,FRA,1966,2.14
France,FRA,1967,2.06
France,FRA,1968,1.99
France,FRA,1969,1.91
France,FRA,1970,1.82
France,FRA,1971,1.74
France,FRA,1972,1.66
France,FRA,1973,1.6
France,FRA,1974,1.54
France,FRA,1975,1.49
France,FRA,1976,1.44
France,FRA,1977,1.39
France,FRA,1978,1.34
France,FRA,1979,1.28
France,FRA,1980,1.24
France,FRA,1981,1.19
France,FRA,1982,1.15
France,FRA,1983,1.11
France,FRA,1984,1.07
France,FRA,1985,1.04
France,FRA,1986,1.01
France,FRA,1987,0.98
France,FRA,1988,0.96
France,FRA,1989,0.93
France,FRA,1990,0.9
France,FRA,1991,0.86
France,FRA,1992,0.81
France,FRA,1993,0.75
France,FRA,1994,0.7
France,FRA,1995,0.65
France,FRA,1996,0.61
France,FRA,1997,0.58
France,FRA,1998,0.57
France,FRA,1999,0.55
France,FRA,2000,0.54
France,FRA,2001,0.52
France,FRA,2002,0.51
France,FRA,2003,0.49
France,FRA,2004,0.48
France,FRA,2005,0.46
France,FRA,2006,0.45
France,FRA,2007,0.44
France,FRA,2008,0.44
France,FRA,2009,0.43
France,FRA,2010,0.42
France,FRA,2011,0.42
France,FRA,2012,0.41
France,FRA,2013,0.41
France,FRA,2014,0.41
France,FRA,2015,0.42
France,FRA,2016,0.42
France,FRA,2017,0.42
France,FRA,2018,0.42
France,FRA,2019,0.42
France,FRA,2020,0.42
France,FRA,2021,0.43
France,FRA,2022,0.43
France,FRA,2023,0.43
Ghana,GHA,1932,36.64
Ghana,GHA,1933,35.99
Ghana,GHA,1934,35.32
Ghana,GHA,1935,34.62
Ghana,GHA,1936,33.96
Ghana,GHA,1937,33.31
Ghana,GHA,1938,32.69
Ghana,GHA,1939,32.05
Ghana,GHA,1940,31.37
Ghana,GHA,1941,30.69
Ghana,GHA,1942,30.02
Ghana,GHA,1943,29.4
Ghana,GHA,1944,28.77
Ghana,GHA,1945,28.19
Ghana,GHA,1946,27.61
Ghana,GHA,1947,27.04
Ghana,GHA,1948,26.48
Ghana,GHA,1949,25.89
Ghana,GHA,1950,25.3
Ghana,GHA,1951,24.73
Ghana,GHA,1952,24.17
Ghana,GHA,1953,23.65
Ghana,GHA,1954,23.15
Ghana,GHA,1955,22.67
Ghana,GHA,1956,22.23
Ghana,GHA,1957,21.86
Ghana,GHA,1958,21.51
Ghana,GHA,1959,21.2
Ghana,GHA,1960,20.92
Ghana,GHA,1961,20.7
Ghana,GHA,1962,20.53
Ghana,GHA,1963,20.39
Ghana,GHA,1964,20.31
Ghana,GHA,1965,20.27
Ghana,GHA,1966,20.26
Ghana,GHA,1967,20.27
Ghana,GHA,1968,20.29
Ghana,GHA,1969,20.27
Ghana,GHA,1970,20.23
Ghana,GHA,1971,20.11
Ghana,GHA,1972,19.9
Ghana,GHA,1973,19.59
Ghana,GHA,1974,19.18
Ghana,GHA,1975,18.67
Ghana,GHA,1976,18.15
Ghana,GHA,1977,17.65
Ghana,GHA,1978,17.23
Ghana,GHA,1979,16.91
Ghana,GHA,1980,16.7
Ghana,GHA,1981,16.55
Ghana,GHA,1982,16.39
Ghana,GHA,1983,16.19
Ghana,GHA,1984,15.9
Ghana,GHA,1985,15.51
Ghana,GHA,1986,15
Ghana,GHA,1987,14.43
Ghana,GHA,1988,13.83
Ghana,GHA,1989,13.26
Ghana,GHA,1990,12.75
Ghana,GHA,1991,12.33
Ghana,GHA,1992,12.01
Ghana,GHA,1993,11.77
Ghana,GHA,1994,11.6
Ghana,GHA,1995,11.45
Ghana,GHA,1996,11.29
Ghana,GHA,1997,11.06
Ghana,GHA,1998,10.77
Ghana,GHA,1999,10.41
Ghana,GHA,2000,10.02
Ghana,GHA,2001,9.61
Ghana,GHA,2002,9.21
Ghana,GHA,2003,8.85
Ghana,GHA,2004,8.52
Ghana,GHA,2005,8.22
Ghana,GHA,2006,7.93
Ghana,GHA,2007,7.63
Ghana,GHA,2008,7.31
Ghana,GHA,2009,6.99
Ghana,GHA,2010,6.65
Ghana,GHA,2011,6.33
Ghana,GHA,2012,6.02
Ghana,GHA,2013,5.74
Ghana,GHA,2014,5.48
Ghana,GHA,2015,5.25
Ghana,GHA,2016,5.02
Ghana,GHA,2017,4.81
Ghana,GHA,2018,4.6
Ghana,GHA,2019,4.39
Ghana,GHA,2020,4.2
Ghana,GHA,2021,4.02
Ghana,GHA,2022,3.85
Ghana,GHA,2023,3.71
India,IND,1911,33.34
India,IND,1912,33.83
India,IND,1913,31.71
India,IND,1914,34.47
India,IND,1915,32.85
India,IND,1916,32.85
India,IND,1917,33.34
India,IND,1918,43.36
India,IND,1919,36.41
India,IND,1920,31.71
India,IND,1921,32.2
India,IND,1922,28.44
India,IND,1923,28.6
India,IND,1924,30.73
India,IND,1925,28.27
India,IND,1926,30.73
India,IND,1927,27.16
India,IND,1928,28.11
India,IND,1929,28.93
India,IND,1930,29.42
India,IND,1931,29.1
India,IND,1932,27.47
India,IND,1933,27.78
India,IND,1934,30.41
India,IND,1935,26.68
India,IND,1936,26.35
India,IND,1937,26.35
India,IND,1938,27.16
India,IND,1939,25.32
India,IND,1940,26.02
India,IND,1941,25.67
India,IND,1942,26.52
India,IND,1943,26.85
India,IND,1944,27.47
India,IND,1945,24.43
India,IND,1950,26.68
India,IND,1953,26.9
India,IND,1954,26.45
India,IND,1955,26.04
India,IND,1956,25.61
India,IND,1957,25.22
India,IND,1958,24.83
India,IND,1959,24.46
India,IND,1960,24.11
India,IND,1961,23.79
India,IND,1962,23.48
India,IND,1963,23.2
India,IND,1964,22.93
India,IND,1965,22.69
India,IND,1966,22.44
India,IND,1967,22.2
India,IND,1968,21.97
India,IND,1969,21.72
India,IND,1970,21.45
India,IND,1971,21.15
India,IND,1972,20.83
India,IND,1973,20.47
India,IND,1974,20.07
India,IND,1975,19.61
India,IND,1976,19.12
India,IND,1977,18.58
India,IND,1978,18.02
India,IND,1979,17.45
India,IND,1980,16.91
India,IND,1981,16.38
India,IND,1982,15.9
India,IND,1983,15.45
India,IND,1984,15.03
India,IND,1985,14.62
India,IND,1986,14.22
India,IND,1987,13.82
India,IND,1988,13.42
India,IND,1989,13.03
India,IND,1990,12.65
India,IND,1991,12.29
India,IND,1992,11.95
India,IND,1993,11.61
India,IND,1994,11.28
India,IND,1995,10.95
India,IND,1996,10.6
India,IND,1997,10.25
India,IND,1998,9.89
India,IND,1999,9.53
India,IND,2000,9.16
India,IND,2001,8.8
India,IND,2002,8.45
India,IND,2003,8.11
India,IND,2004,7.77
India,IND,2005,7.44
India,IND,2006,7.11
India,IND,2007,6.79
India,IND,2008,6.46
India,IND,2009,6.14
India,IND,2010,5.82
India,IND,2011,5.5
India,IND,2012,5.2
India,IND,2013,4.91
India,IND,2014,4.63
India,IND,2015,4.36
India,IND,2016,4.11
India,IND,2017,3.87
India,IND,2018,3.64
India,IND,2019,3.43
India,IND,2020,3.24
India,IND,2021,3.06
India,IND,2022,2.91
India,IND,2023,2.77
Sweden,SWE,1751,29.98
Sweden,SWE,1752,35.97
Sweden,SWE,1753,30.34
Sweden,SWE,1754,32.69
Sweden,SWE,1755,34.5
Sweden,SWE,1756,33.78
Sweden,SWE,1757,35.63
Sweden,SWE,1758,33.53
Sweden,SWE,1759,28.5
Sweden,SWE,1760,27.26
Sweden,SWE,1761,31.56
Sweden,SWE,1762,37.7
Sweden,SWE,1763,39.53
Sweden,SWE,1764,31.61
Sweden,SWE,1765,31.6
Sweden,SWE,1766,31.19
Sweden,SWE,1767,29.85
Sweden,SWE,1768,35.75
Sweden,SWE,1769,35.85
Sweden,SWE,1770,32.54
Sweden,SWE,1771,32.33
Sweden,SWE,1772,36.66
Sweden,SWE,1773,48.97
Sweden,SWE,1774,27.96
Sweden,SWE,1775,30.59
Sweden,SWE,1776,25.62
Sweden,SWE,1777,30.21
Sweden,SWE,1778,35.32
Sweden,SWE,1779,39.42
Sweden,SWE,1780,26.11
Sweden,SWE,1781,30.04
Sweden,SWE,1782,30.1
Sweden,SWE,1783,34.46
Sweden,SWE,1784,38.22
Sweden,SWE,1785,34.46
Sweden,SWE,1786,29.49
Sweden,SWE,1787,27.03
Sweden,SWE,1788,32.59
Sweden,SWE,1789,34.38
Sweden,SWE,1790,32.55
Sweden,SWE,1791,28.62
Sweden,SWE,1792,29.73
Sweden,SWE,1793,29.98
Sweden,SWE,1794,28.06
Sweden,SWE,1795,31.45
Sweden,SWE,1796,31.53
Sweden,SWE,1797,29.4
Sweden,SWE,1798,27.17
Sweden,SWE,1799,28.9
Sweden,SWE,1800,38.11
Sweden,SWE,1801,32.88
Sweden,SWE,1802,28.29
Sweden,SWE,1803,27.53
Sweden,SWE,1804,27.17
Sweden,SWE,1805,26.59
Sweden,SWE,1806,33.28
Sweden,SWE,1807,27.83
Sweden,SWE,1808,34.96
Sweden,SWE,1809,36.59
Sweden,SWE,1810,34.6
Sweden,SWE,1811,32.46
Sweden,SWE,1812,31.22
Sweden,SWE,1813,30.36
Sweden,SWE,1814,29.94
Sweden,SWE,1815,27.46
Sweden,SWE,1816,27.35
Sweden,SWE,1817,27.61
Sweden,SWE,1818,26.97
Sweden,SWE,1819,29.36
Sweden,SWE,1820,26.08
Sweden,SWE,1821,30.51
Sweden,SWE,1822,24.5
Sweden,SWE,1823,21.76
Sweden,SWE,1824,22.46
Sweden,SWE,1825,22.79
Sweden,SWE,1826,24.22
Sweden,SWE,1827,22.63
Sweden,SWE,1828,28.21
Sweden,SWE,1829,30.3
Sweden,SWE,1830,25.49
Sweden,SWE,1831,27.59
Sweden,SWE,1832,25.6
Sweden,SWE,1833,24.44
Sweden,SWE,1834,25.26
Sweden,SWE,1835,20
Sweden,SWE,1836,22.5
Sweden,SWE,1837,27.97
Sweden,SWE,1838,25.36
Sweden,SWE,1839,25.16
Sweden,SWE,1840,22.07
Sweden,SWE,1841,22.08
Sweden,SWE,1842,24.24
Sweden,SWE,1843,23.27
Sweden,SWE,1844,22.62
Sweden,SWE,1845,21.48
Sweden,SWE,1846,24.97
Sweden,SWE,1847,27.01
Sweden,SWE,1848,21.24
Sweden,SWE,1849,22.7
Sweden,SWE,1850,21.79
Sweden,SWE,1851,23.23
Sweden,SWE,1852,25.03
Sweden,SWE,1853,25.74
Sweden,SWE,1854,21.97
Sweden,SWE,1855,22.62
Sweden,SWE,1856,24.59
Sweden,SWE,1857,30.99
Sweden,SWE,1858,24.8
Sweden,SWE,1859,23.21
Sweden,SWE,1860,19.66
Sweden,SWE,1861,21.68
Sweden,SWE,1862,26.55
Sweden,SWE,1863,23.67
Sweden,SWE,1864,23.54
Sweden,SWE,1865,23.29
Sweden,SWE,1866,22.17
Sweden,SWE,1867,21.06
Sweden,SWE,1868,24.94
Sweden,SWE,1869,27.14
Sweden,SWE,1870,22.05
Sweden,SWE,1871,18.35
Sweden,SWE,1872,18.69
Sweden,SWE,1873,19.74
Sweden,SWE,1874,22.99
Sweden,SWE,1875,23.25
Sweden,SWE,1876,23.73
Sweden,SWE,1877,22.78
Sweden,SWE,1878,22.69
Sweden,SWE,1879,19.69
Sweden,SWE,1880,20.39
Sweden,SWE,1881,19.49
Sweden,SWE,1882,20.66
Sweden,SWE,1883,19.73
Sweden,SWE,1884,19.23
Sweden,SWE,1885,19.5
Sweden,SWE,1886,18.34
Sweden,SWE,1887,17.34
Sweden,SWE,1888,16.07
Sweden,SWE,1889,16.25
Sweden,SWE,1890,17.76
Sweden,SWE,1891,17.89
Sweden,SWE,1892,17.1
Sweden,SWE,1893,16.69
Sweden,SWE,1894,16.15
Sweden,SWE,1895,14.7
Sweden,SWE,1896,15.62
Sweden,SWE,1897,14.86
Sweden,SWE,1898,14.06
Sweden,SWE,1899,17.17
Sweden,SWE,1900,15.52
Sweden,SWE,1901,15.71
Sweden,SWE,1902,13.56
Sweden,SWE,1903,13.86
Sweden,SWE,1904,12.72
Sweden,SWE,1905,13.18
Sweden,SWE,1906,11.78
Sweden,SWE,1907,11.22
Sweden,SWE,1908,12.22
Sweden,SWE,1909,10.34
Sweden,SWE,1910,10.82
Sweden,SWE,1911,10.42
Sweden,SWE,1912,10.37
Sweden,SWE,1913,9.76
Sweden,SWE,1914,10.13
Sweden,SWE,1915,10.53
Sweden,SWE,1916,10.16
Sweden,SWE,1917,9.3
Sweden,SWE,1918,10.59
Sweden,SWE,1919,10.48
Sweden,SWE,1920,9.78
Sweden,SWE,1921,8.46
Sweden,SWE,1922,8.04
Sweden,SWE,1923,7.38
Sweden,SWE,1924,8.12
Sweden,SWE,1925,7.34
Sweden,SWE,1926,7.25
Sweden,SWE,1927,7.85
Sweden,SWE,1928,7.86
Sweden,SWE,1929,7.32
Sweden,SWE,1930,6.95
Sweden,SWE,1931,7.14
Sweden,SWE,1932,6.44
Sweden,SWE,1933,6.1
Sweden,SWE,1934,5.95
Sweden,SWE,1935,5.82
Sweden,SWE,1936,5.73
Sweden,SWE,1937,5.85
Sweden,SWE,1938,5.43
Sweden,SWE,1939,4.97
Sweden,SWE,1940,4.69
Sweden,SWE,1941,4.72
Sweden,SWE,1942,3.82
Sweden,SWE,1943,3.82
Sweden,SWE,1944,4.14
Sweden,SWE,1945,3.82
Sweden,SWE,1946,3.2
Sweden,SWE,1947,3.05
Sweden,SWE,1948,2.8
Sweden,SWE,1949,2.76
Sweden,SWE,1950,2.71
Sweden,SWE,1951,2.57
Sweden,SWE,1952,2.44
Sweden,SWE,1953,2.32
Sweden,SWE,1954,2.23
Sweden,SWE,1955,2.16
Sweden,SWE,1956,2.11
Sweden,SWE,1957,2.07
Sweden,SWE,1958,2.03
Sweden,SWE,1959,1.99
Sweden,SWE,1960,1.96
Sweden,SWE,1961,1.92
Sweden,SWE,1962,1.86
Sweden,SWE,1963,1.79
Sweden,SWE,1964,1.71
Sweden,SWE,1965,1.63
Sweden,SWE,1966,1.56
Sweden,SWE,1967,1.49
Sweden,SWE,1968,1.44
Sweden,SWE,1969,1.39
Sweden,SWE,1970,1.34
Sweden,SWE,1971,1.29
Sweden,SWE,1972,1.23
Sweden,SWE,1973,1.16
Sweden,SWE,1974,1.09
Sweden,SWE,1975,1.03
Sweden,SWE,1976,0.98
Sweden,SWE,1977,0.94
Sweden,SWE,1978,0.9
Sweden,SWE,1979,0.87
Sweden,SWE,1980,0.84
Sweden,SWE,1981,0.82
Sweden,SWE,1982,0.8
Sweden,SWE,1983,0.78
Sweden,SWE,1984,0.77
Sweden,SWE,1985,0.76
Sweden,SWE,1986,0.75
Sweden,SWE,1987,0.74
Sweden,SWE,1988,0.73
Sweden,SWE,1989,0.72
Sweden,SWE,1990,0.7
Sweden,SWE,1991,0.66
Sweden,SWE,1992,0.62
Sweden,SWE,1993,0.57
Sweden,SWE,1994,0.52
Sweden,SWE,1995,0.48
Sweden,SWE,1996,0.46
Sweden,SWE,1997,0.44
Sweden,SWE,1998,0.42
Sweden,SWE,1999,0.41
Sweden,SWE,2000,0.41
Sweden,SWE,2001,0.4
Sweden,SWE,2002,0.4
Sweden,SWE,2003,0.39
Sweden,SWE,2004,0.37
Sweden,SWE,2005,0.36
Sweden,SWE,2006,0.35
Sweden,SWE,2007,0.33
Sweden,SWE,2008,0.32
Sweden,SWE,2009,0.31
Sweden,SWE,2010,0.31
Sweden,SWE,2011,0.3
Sweden,SWE,2012,0.3
Sweden,SWE,2013,0.29
Sweden,SWE,2014,0.29
Sweden,SWE,2015,0.29
Sweden,SWE,2016,0.28
Sweden,SWE,2017,0.28
Sweden,SWE,2018,0.27
Sweden,SWE,2019,0.26
Sweden,SWE,2020,0.26
Sweden,SWE,2021,0.25
Sweden,SWE,2022,0.25
Sweden,SWE,2023,0.25
United Kingdom,GBR,1841,25.11
United Kingdom,GBR,1842,26.16
United Kingdom,GBR,1843,25.83
United Kingdom,GBR,1844,25.9
United Kingdom,GBR,1845,24.83
United Kingdom,GBR,1846,28.14
United Kingdom,GBR,1847,28.16
United Kingdom,GBR,1848,27.85
United Kingdom,GBR,1849,27.99
United Kingdom,GBR,1850,24.74
United Kingdom,GBR,1851,26.23
United Kingdom,GBR,1852,26.72
United Kingdom,GBR,1853,26.44
United Kingdom,GBR,1854,28.19
United Kingdom,GBR,1855,26.1
United Kingdom,GBR,1856,24.73
United Kingdom,GBR,1857,26.25
United Kingdom,GBR,1858,28.07
United Kingdom,GBR,1859,27.39
United Kingdom,GBR,1860,24.43
United Kingdom,GBR,1861,25.85
United Kingdom,GBR,1862,25.37
United Kingdom,GBR,1863,27.95
United Kingdom,GBR,1864,27.18
United Kingdom,GBR,1865,26.69
United Kingdom,GBR,1866,26.89
United Kingdom,GBR,1867,24.84
United Kingdom,GBR,1868,26.29
United Kingdom,GBR,1869,26.29
United Kingdom,GBR,1870,26.84
United Kingdom,GBR,1871,25.81
United Kingdom,GBR,1872,24.36
United Kingdom,GBR,1873,23.54
United Kingdom,GBR,1874,25.28
United Kingdom,GBR,1875,25.22
United Kingdom,GBR,1876,23.86
United Kingdom,GBR,1877,22.51
United Kingdom,GBR,1878,25.16
United Kingdom,GBR,1879,22.82
United Kingdom,GBR,1880,25.11
United Kingdom,GBR,1881,20.98
United Kingdom,GBR,1882,23.26
United Kingdom,GBR,1883,22.15
United Kingdom,GBR,1884,23.32
United Kingdom,GBR,1885,21.89
United Kingdom,GBR,1886,23.06
United Kingdom,GBR,1887,22.71
United Kingdom,GBR,1888,21.29
United Kingdom,GBR,1889,22.78
United Kingdom,GBR,1890,23.2
United Kingdom,GBR,1891,23.29
United Kingdom,GBR,1892,22.76
United Kingdom,GBR,1893,23.62
United Kingdom,GBR,1894,20.73
United Kingdom,GBR,1895,23.69
United Kingdom,GBR,1896,22.52
United Kingdom,GBR,1897,22.63
United Kingdom,GBR,1898,23.12
United Kingdom,GBR,1899,23.23
United Kingdom,GBR,1900,22.55
United Kingdom,GBR,1901,21.56
United Kingdom,GBR,1902,19.94
United Kingdom,GBR,1903,19.12
United Kingdom,GBR,1904,20.86
United Kingdom,GBR,1905,18.59
United Kingdom,GBR,1906,19.01
United Kingdom,GBR,1907,17.6
United Kingdom,GBR,1908,17.57
United Kingdom,GBR,1909,16.29
United Kingdom,GBR,1910,15.59
United Kingdom,GBR,1911,18.92
United Kingdom,GBR,1912,14.58
United Kingdom,GBR,1913,15.79
United Kingdom,GBR,1914,15.55
United Kingdom,GBR,1915,16.58
United Kingdom,GBR,1916,13.37
United Kingdom,GBR,1917,13.66
United Kingdom,GBR,1918,17.11
United Kingdom,GBR,1919,13.48
United Kingdom,GBR,1920,13.36
United Kingdom,GBR,1921,11.41
United Kingdom,GBR,1922,12.01
United Kingdom,GBR,1923,10.23
United Kingdom,GBR,1924,11.43
United Kingdom,GBR,1925,11.25
United Kingdom,GBR,1926,10.32
United Kingdom,GBR,1927,10.36
United Kingdom,GBR,1928,9.81
United Kingdom,GBR,1929,11.38
United Kingdom,GBR,1930,8.94
United Kingdom,GBR,1931,9.54
United Kingdom,GBR,1932,9.28
United Kingdom,GBR,1933,8.77
United Kingdom,GBR,1934,8.65
United Kingdom,GBR,1935,8.05
United Kingdom,GBR,1936,8.33
United Kingdom,GBR,1937,8.05
United Kingdom,GBR,1938,7.35
United Kingdom,GBR,1939,6.59
United Kingdom,GBR,1940,7.72
United Kingdom,GBR,1941,8.13
United Kingdom,GBR,1942,6.8
United Kingdom,GBR,1943,6.47
United Kingdom,GBR,1944,5.95
United Kingdom,GBR,1945,5.51
United Kingdom,GBR,1946,5.36
United Kingdom,GBR,1947,5.35
United Kingdom,GBR,1948,4.02
United Kingdom,GBR,1949,3.82
United Kingdom,GBR,1950,3.66
United Kingdom,GBR,1951,3.51
United Kingdom,GBR,1952,3.36
United Kingdom,GBR,1953,3.21
United Kingdom,GBR,1954,3.08
United Kingdom,GBR,1955,2.96
United Kingdom,GBR,1956,2.87
United Kingdom,GBR,1957,2.79
United Kingdom,GBR,1958,2.74
United Kingdom,GBR,1959,2.7
United Kingdom,GBR,1960,2.66
United Kingdom,GBR,1961,2.61
United Kingdom,GBR,1962,2.56
United Kingdom,GBR,1963,2.49
United Kingdom,GBR,1964,2.42
United Kingdom,GBR,1965,2.34
United Kingdom,GBR,1966,2.28
United Kingdom,GBR,1967,2.22
United Kingdom,GBR,1968,2.18
United Kingdom,GBR,1969,2.14
United Kingdom,GBR,1970,2.1
United Kingdom,GBR,1971,2.06
United Kingdom,GBR,1972,2
United Kingdom,GBR,1973,1.94
United Kingdom,GBR,1974,1.87
United Kingdom,GBR,1975,1.8
United Kingdom,GBR,1976,1.72
United Kingdom,GBR,1977,1.64
United Kingdom,GBR,1978,1.57
United Kingdom,GBR,1979,1.49
United Kingdom,GBR,1980,1.41
United Kingdom,GBR,1981,1.34
United Kingdom,GBR,1982,1.27
United Kingdom,GBR,1983,1.22
United Kingdom,GBR,1984,1.17
United Kingdom,GBR,1985,1.14
United Kingdom,GBR,1986,1.11
United Kingdom,GBR,1987,1.08
United Kingdom,GBR,1988,1.04
United Kingdom,GBR,1989,0.99
United Kingdom,GBR,1990,0.93
United Kingdom,GBR,1991,0.87
United Kingdom,GBR,1992,0.82
United Kingdom,GBR,1993,0.77
United Kingdom,GBR,1994,0.74
United Kingdom,GBR,1995,0.72
United Kingdom,GBR,1996,0.7
United Kingdom,GBR,1997,0.69
United Kingdom,GBR,1998,0.68
United Kingdom,GBR,1999,0.67
United Kingdom,GBR,2000,0.65
United Kingdom,GBR,2001,0.64
United Kingdom,GBR,2002,0.63
United Kingdom,GBR,2003,0.63
United Kingdom,GBR,2004,0.61
United Kingdom,GBR,2005,0.6
United Kingdom,GBR,2006,0.59
United Kingdom,GBR,2007,0.58
United Kingdom,GBR,2008,0.56
United Kingdom,GBR,2009,0.54
United Kingdom,GBR,2010,0.52
United Kingdom,GBR,2011,0.5
United Kingdom,GBR,2012,0.48
United Kingdom,GBR,2013,0.46
United Kingdom,GBR,2014,0.45
United Kingdom,GBR,2015,0.45
United Kingdom,GBR,2016,0.44
United Kingdom,GBR,2017,0.44
United Kingdom,GBR,2018,0.44
United Kingdom,GBR,2019,0.44
United Kingdom,GBR,2020,0.44
United Kingdom,GBR,2021,0.44
United Kingdom,GBR,2022,0.45
United Kingdom,GBR,2023,0.45
United States,USA,1933,7.31
United States,USA,1934,7.97
United States,USA,1935,7.53
United States,USA,1936,7.6
United States,USA,1937,7.36
United States,USA,1938,6.96
United States,USA,1939,6.29
United States,USA,1940,6.19
United States,USA,1941,6.04
United States,USA,1942,5.48
United States,USA,1943,5.37
United States,USA,1944,5.03
United States,USA,1945,4.83
United States,USA,1946,4.67
United States,USA,1947,4.28
United States,USA,1948,3.98
United States,USA,1949,3.87
United States,USA,1950,3.76
United States,USA,1951,3.66
United States,USA,1952,3.56
United States,USA,1953,3.47
United States,USA,1954,3.38
United States,USA,1955,3.3
United States,USA,1956,3.23
United States,USA,1957,3.17
United States,USA,1958,3.11
United States,USA,1959,3.06
United States,USA,1960,3.01
United States,USA,1961,2.95
United States,USA,1962,2.89
United States,USA,1963,2.83
United States,USA,1964,2.77
United States,USA,1965,2.71
United States,USA,1966,2.64
United States,USA,1967,2.57
United States,USA,1968,2.49
United States,USA,1969,2.41
United States,USA,1970,2.32
United States,USA,1971,2.24
United States,USA,1972,2.15
United States,USA,1973,2.06
United States,USA,1974,1.97
United States,USA,1975,1.88
United States,USA,1976,1.79
United States,USA,1977,1.71
United States,USA,1978,1.63
United States,USA,1979,1.56
United States,USA,1980,1.5
United States,USA,1981,1.44
United States,USA,1982,1.39
United States,USA,1983,1.34
United States,USA,1984,1.3
United States,USA,1985,1.27
United States,USA,1986,1.24
United States,USA,1987,1.21
United States,USA,1988,1.19
United States,USA,1989,1.16
United States,USA,1990,1.12
United States,USA,1991,1.09
United States,USA,1992,1.05
United States,USA,1993,1.01
United States,USA,1994,0.98
United States,USA,1995,0.95
United States,USA,1996,0.92
United States,USA,1997,0.89
United States,USA,1998,0.87
United States,USA,1999,0.86
United States,USA,2000,0.84
United States,USA,2001,0.83
United States,USA,2002,0.82
United States,USA,2003,0.81
United States,USA,2004,0.81
United States,USA,2005,0.8
United States,USA,2006,0.79
United States,USA,2007,0.77
United States,USA,2008,0.76
United States,USA,2009,0.75
United States,USA,2010,0.73
United States,USA,2011,0.72
United States,USA,2012,0.7
United States,USA,2013,0.69
United States,USA,2014,0.68
United States,USA,2015,0.68
United States,USA,2016,0.67
United States,USA,2017,0.66
United States,USA,2018,0.65
United States,USA,2019,0.65
United States,USA,2020,0.65
United States,USA,2021,0.65
United States,USA,2022,0.65
United States,USA,2023,0.65