Entity,Code,Year,Annual CO₂ emissions
Brazil,BRA,1856,227193
Brazil,BRA,1857,269048
Brazil,BRA,1858,284547
Brazil,BRA,1859,372714
Brazil,BRA,1860,434898
Brazil,BRA,1861,410068
Brazil,BRA,1862,355327
Brazil,BRA,1863,425965
Brazil,BRA,1864,479584
Brazil,BRA,1865,571897
Brazil,BRA,1866,646022
Brazil,BRA,1867,554700
Brazil,BRA,1868,752482
Brazil,BRA,1869,605044
Brazil,BRA,1870,698167
Brazil,BRA,1871,844686
Brazil,BRA,1872,858380
Brazil,BRA,1873,1029011
Brazil,BRA,1874,996022
Brazil,BRA,1875,939750
Brazil,BRA,1876,843065
Brazil,BRA,1877,878429
Brazil,BRA,1878,949458
Brazil,BRA,1879,808030
Brazil,BRA,1880,923420
Brazil,BRA,1881,1031042
Brazil,BRA,1882,948135
Brazil,BRA,1883,1170254
Brazil,BRA,1884,1282615
Brazil,BRA,1885,1215464
Brazil,BRA,1886,1236031
Brazil,BRA,1887,1315565
Brazil,BRA,1888,1283198
Brazil,BRA,1889,1860401
Brazil,BRA,1890,1713533
Brazil,BRA,1891,2072020
Brazil,BRA,1892,2145624
Brazil,BRA,1893,1969636
Brazil,BRA,1894,2308266
Brazil,BRA,1895,2188105
Brazil,BRA,1896,2615588
Brazil,BRA,1897,2734326
Brazil,BRA,1898,2681303
Brazil,BRA,1899,2612972
Brazil,BRA,1900,2272218
Brazil,BRA,1901,2314927
Brazil,BRA,1902,2554500
Brazil,BRA,1903,2442213
Brazil,BRA,1904,2639233
Brazil,BRA,1905,2871745
Brazil,BRA,1906,3248124
Brazil,BRA,1907,3722012
Brazil,BRA,1908,3729627
Brazil,BRA,1909,3825869
Brazil,BRA,1910,4584790
Brazil,BRA,1911,5383972
Brazil,BRA,1912,5477784
Brazil,BRA,1913,6107222
Brazil,BRA,1914,4657949
Brazil,BRA,1915,3211753
Brazil,BRA,1916,2735087
Brazil,BRA,1917,2840131
Brazil,BRA,1918,2656656
Brazil,BRA,1919,2967940
Brazil,BRA,1920,3964006
Brazil,BRA,1921,2886595
Brazil,BRA,1922,4026874
Brazil,BRA,1923,4792903
Brazil,BRA,1924,5319118
Brazil,BRA,1925,5341588
Brazil,BRA,1926,5469600
Brazil,BRA,1927,6038804
Brazil,BRA,1928,6083169
Brazil,BRA,1929,6337248
Brazil,BRA,1930,5787529
Brazil,BRA,1931,4772610
Brazil,BRA,1932,4780363
Brazil,BRA,1933,5177471
Brazil,BRA,1934,5158075
Brazil,BRA,1935,5378230
Brazil,BRA,1936,5617306
Brazil,BRA,1937,6731251
Brazil,BRA,1938,7179338
Brazil,BRA,1939,5614746
Brazil,BRA,1940,5654414
Brazil,BRA,1941,6280670
Brazil,BRA,1942,5866699
Brazil,BRA,1943,6474923
Brazil,BRA,1944,5895771
Brazil,BRA,1945,6822912
Brazil,BRA,1946,7460241
Brazil,BRA,1947,8947467
Brazil,BRA,1948,7847465
Brazil,BRA,1949,7366800
Brazil,BRA,1950,19659072
Brazil,BRA,1951,21659348
Brazil,BRA,1952,24934310
Brazil,BRA,1953,25218440
Brazil,BRA,1954,29675626
Brazil,BRA,1955,34023692
Brazil,BRA,1956,36608456
Brazil,BRA,1957,35977396
Brazil,BRA,1958,39053930
Brazil,BRA,1959,39017080
Brazil,BRA,1960,46851820
Brazil,BRA,1961,49134936
Brazil,BRA,1962,53610856
Brazil,BRA,1963,55519376
Brazil,BRA,1964,56621016
Brazil,BRA,1965,56272604
Brazil,BRA,1966,64153876
Brazil,BRA,1967,66021996
Brazil,BRA,1968,77210430
Brazil,BRA,1969,84071830
Brazil,BRA,1970,93466984
Brazil,BRA,1971,102313960
Brazil,BRA,1972,113992010
Brazil,BRA,1973,132029210
Brazil,BRA,1974,142980540
Brazil,BRA,1975,150287150
Brazil,BRA,1976,154561870
Brazil,BRA,1977,162313580
Brazil,BRA,1978,177060600
Brazil,BRA,1979,187727740
Brazil,BRA,1980,186127380
Brazil,BRA,1981,171261920
Brazil,BRA,1982,171439150
Brazil,BRA,1983,165851310
Brazil,BRA,1984,167524240
Brazil,BRA,1985,180064830
Brazil,BRA,1986,197183400
Brazil,BRA,1987,205911790
Brazil,BRA,1988,207640260
Brazil,BRA,1989,212015970
Brazil,BRA,1990,218657680
Brazil,BRA,1991,229393580
Brazil,BRA,1992,233600860
Brazil,BRA,1993,244305540
Brazil,BRA,1994,254002260
Brazil,BRA,1995,268677540
Brazil,BRA,1996,289310900
Brazil,BRA,1997,306949060
Brazil,BRA,1998,317359420
Brazil,BRA,1999,327255650
Brazil,BRA,2000,340182820
Brazil,BRA,2001,346165730
Brazil,BRA,2002,347764960
Brazil,BRA,2003,344644930
Brazil,BRA,2004,361434020
Brazil,BRA,2005,364370560
Brazil,BRA,2006,368870940
Brazil,BRA,2007,390573440
Brazil,BRA,2008,412637860
Brazil,BRA,2009,389775330
Brazil,BRA,2010,440269060
Brazil,BRA,2011,461911330
Brazil,BRA,2012,497468200
Brazil,BRA,2013,531568830
Brazil,BRA,2014,556525500
Brazil,BRA,2015,528173540
Brazil,BRA,2016,491744830
Brazil,BRA,2017,497254560
Brazil,BRA,2018,476600540
Brazil,BRA,2019,476723740
Brazil,BRA,2020,447999400
Brazil,BRA,2021,496562000
Brazil,BRA,2022,480058300
Brazil,BRA,2023,483991940
Brazil,BRA,2024,483011550
China,CHN,1907,19893872
China,CHN,1908,22735854
China,CHN,1909,24251576
China,CHN,1910,25009438
China,CHN,1911,24630506
China,CHN,1912,17029154
China,CHN,1913,24251576
China,CHN,1914,26718416
China,CHN,1915,25420578
China,CHN,1916,30130690
China,CHN,1917,32023448
China,CHN,1918,34747964
China,CHN,1919,37997296
China,CHN,1920,40278456
China,CHN,1921,38762732
China,CHN,1922,39971524
China,CHN,1923,46517556
China,CHN,1924,48846084
China,CHN,1925,45954840
China,CHN,1926,43660164
China,CHN,1927,45808580
China,CHN,1928,47591444
China,CHN,1929,48281828
China,CHN,1930,49558456
China,CHN,1931,51904660
China,CHN,1932,50269150
China,CHN,1933,54111180
China,CHN,1934,62382628
China,CHN,1935,72645970
China,CHN,1936,75477250
China,CHN,1937,70968650
China,CHN,1938,61365520
China,CHN,1939,74426990
China,CHN,1940,90790530
China,CHN,1941,113978570
China,CHN,1942,127613384
China,CHN,1943,108994540
China,CHN,1944,103003570
China,CHN,1945,55892210
China,CHN,1946,36107050
China,CHN,1947,41836136
China,CHN,1948,38400104
China,CHN,1949,62081100
China,CHN,1950,78835304
China,CHN,1951,102115210
China,CHN,1952,128002990
China,CHN,1953,133786500
China,CHN,1954,160881020
China,CHN,1955,190521500
China,CHN,1956,215827650
China,CHN,1957,255788690
China,CHN,1958,524624400
China,CHN,1959,720162560
China,CHN,1960,798810940
China,CHN,1961,570641150
China,CHN,1962,459625400
China,CHN,1963,456786780
China,CHN,1964,460644400
China,CHN,1965,500293700
China,CHN,1966,549466700
China,CHN,1967,460233200
China,CHN,1968,495513900
China,CHN,1969,607694340
China,CHN,1970,807963650
China,CHN,1971,909209860
China,CHN,1972,968635800
China,CHN,1973,1008268600
China,CHN,1974,1028063500
China,CHN,1975,1183153500
China,CHN,1976,1226339500
China,CHN,1977,1340715300
China,CHN,1978,1492517500
China,CHN,1979,1525417300
China,CHN,1980,1494297900
China,CHN,1981,1476280000
China,CHN,1982,1606239100
China,CHN,1983,1693746700
China,CHN,1984,1844212700
China,CHN,1985,1997193300
China,CHN,1986,2103429900
China,CHN,1987,2256629500
China,CHN,1988,2424444200
China,CHN,1989,2462150000
China,CHN,1990,2483534300
China,CHN,1991,2619143400
China,CHN,1992,2731290400
China,CHN,1993,2914284500
China,CHN,1994,3093890800
China,CHN,1995,3351197200
China,CHN,1996,3499310600
China,CHN,1997,3512350000
China,CHN,1998,3355336000
China,CHN,1999,3549949000
China,CHN,2000,3643809500
China,CHN,2001,3724114200
China,CHN,2002,4098180600
China,CHN,2003,4835251700
China,CHN,2004,5210961400
China,CHN,2005,5881990700
China,CHN,2006,6486184400
China,CHN,2007,6974663000
China,CHN,2008,7492404000
China,CHN,2009,7881491000
China,CHN,2010,8610048000
China,CHN,2011,9520154000
China,CHN,2012,9767310000
China,CHN,2013,9942371000
China,CHN,2014,9976027000
China,CHN,2015,9858040000
China,CHN,2016,9748175000
China,CHN,2017,10000013000
China,CHN,2018,10346790000
China,CHN,2019,10713515000
China,CHN,2020,10896520000
China,CHN,2021,11284401000
China,CHN,2022,11711807000
China,CHN,2023,12172008000
China,CHN,2024,12289037000
France,FRA,1802,2238704
France,FRA,1804,2176416
France,FRA,1810,2121456
France,FRA,1811,2051840.1
France,FRA,1812,2216720
France,FRA,1813,2048176
France,FRA,1814,2092144
France,FRA,1815,2341296
France,FRA,1816,2498848
France,FRA,1817,2660064
France,FRA,1818,2381600
France,FRA,1819,2557472
France,FRA,1820,2901888
France,FRA,1821,3011808
France,FRA,1822,3169360
France,FRA,1823,3169360
France,FRA,1824,3517440
France,FRA,1825,3957120
France,FRA,1826,4089024
France,FRA,1827,5910032
France,FRA,1828,6243456
France,FRA,1829,6074912
France,FRA,1830,6551232
France,FRA,1831,6052928
France,FRA,1832,6679472
France,FRA,1833,7247392
France,FRA,1834,8921840
France,FRA,1835,9258928
France,FRA,1836,10636592
France,FRA,1837,11351072
France,FRA,1838,11867696
France,FRA,1839,11570912
France,FRA,1840,11798080
France,FRA,1841,13820608
France,FRA,1842,14527760
France,FRA,1843,14549744
France,FRA,1844,15260560
France,FRA,1845,17836352
France,FRA,1846,18528848
France,FRA,1847,20840832
France,FRA,1848,16689520
France,FRA,1849,17385680
France,FRA,1850,19617056
France,FRA,1851,20038416
France,FRA,1852,21569968
France,FRA,1853,25340224
France,FRA,1854,29213072
France,FRA,1855,33071262
France,FRA,1856,34632130
France,FRA,1857,35280656
France,FRA,1858,34595490
France,FRA,1859,34991200
France,FRA,1860,38131250
France,FRA,1861,41241984
France,FRA,1862,43524656
France,FRA,1863,44187840
France,FRA,1864,46829584
France,FRA,1865,49302784
France,FRA,1866,53560350
France,FRA,1867,54278496
France,FRA,1868,55531584
France,FRA,1869,56942224
France,FRA,1870,50537550
France,FRA,1871,50262750
France,FRA,1872,60924990
France,FRA,1873,65849412
France,FRA,1874,62643410
France,FRA,1875,65259508
France,FRA,1876,65358428
France,FRA,1877,63925810
France,FRA,1878,65222864
France,FRA,1879,67498210
France,FRA,1880,76148910
France,FRA,1881,77984580
France,FRA,1882,82308100
France,FRA,1883,86320180
France,FRA,1884,82912660
France,FRA,1885,79713980
France,FRA,1886,79072780
France,FRA,1887,83290050
France,FRA,1888,86653600
France,FRA,1889,88797040
France,FRA,1890,97817810
France,FRA,1891,97982690
France,FRA,1892,98121920
France,FRA,1893,96330220
France,FRA,1894,101899500
France,FRA,1895,102775200
France,FRA,1896,106281650
France,FRA,1897,111261020
France,FRA,1898,115045940
France,FRA,1899,120300110
France,FRA,1900,129276920
France,FRA,1901,125004690
France,FRA,1902,117662030
France,FRA,1903,129342860
France,FRA,1904,125997630
France,FRA,1905,127426590
France,FRA,1906,136568270
France,FRA,1907,145596370
France,FRA,1908,146713890
France,FRA,1909,150095760
France,FRA,1910,150612380
France,FRA,1911,156907140
France,FRA,1912,158577920
France,FRA,1913,171112460
France,FRA,1914,118350860
France,FRA,1915,103233200
France,FRA,1916,109689170
France,FRA,1917,121604500
France,FRA,1918,108450740
France,FRA,1919,116141470
France,FRA,1920,151777540
France,FRA,1921,137909300
France,FRA,1922,163150600
France,FRA,1923,184189280
France,FRA,1924,206634940
France,FRA,1925,213827380
France,FRA,1926,213732110
France,FRA,1927,213039620
France,FRA,1928,211619150
France,FRA,1929,234282100
France,FRA,1930,237634190
France,FRA,1931,217493550
France,FRA,1932,191775420
France,FRA,1933,199387060
France,FRA,1934,201350060
France,FRA,1935,195372340
France,FRA,1936,198079070
France,FRA,1937,217705010
France,FRA,1938,201798460
France,FRA,1939,194617020
France,FRA,1940,137737090
France,FRA,1941,119927290
France,FRA,1942,122495736
France,FRA,1943,125245670
France,FRA,1944,79986440
France,FRA,1945,107165640
France,FRA,1946,165245170
France,FRA,1947,183624110
France,FRA,1948,196500540
France,FRA,1949,229050910
France,FRA,1950,202450910
France,FRA,1951,228945170
France,FRA,1952,227217330
France,FRA,1953,214771790
France,FRA,1954,226601010
France,FRA,1955,239267600
France,FRA,1956,268807100
France,FRA,1957,277881700
France,FRA,1958,266527340
France,FRA,1959,262329810
France,FRA,1960,298395840
France,FRA,1961,318161820
France,FRA,1962,335538270
France,FRA,1963,340421950
France,FRA,1964,371374000
France,FRA,1965,365844930
France,FRA,1966,382835940
France,FRA,1967,407292540
France,FRA,1968,421116100
France,FRA,1969,446577900
France,FRA,1970,463946460
France,FRA,1971,497045800
France,FRA,1972,517593100
France,FRA,1973,542646300
France,FRA,1974,524736700
France,FRA,1975,486023100
France,FRA,1976,527371840
France,FRA,1977,511269060
France,FRA,1978,532682500
France,FRA,1979,536053000
France,FRA,1980,514509470
France,FRA,1981,462596380
France,FRA,1982,443395520
France,FRA,1983,426039200
France,FRA,1984,414655870
France,FRA,1985,407801860
France,FRA,1986,392871740
France,FRA,1987,390134660
France,FRA,1988,387601180
France,FRA,1989,401469220
France,FRA,1990,394904320
France,FRA,1991,419118720
France,FRA,1992,408433000
France,FRA,1993,388889700
France,FRA,1994,381903100
France,FRA,1995,386958820
France,FRA,1996,403351940
France,FRA,1997,396023140
France,FRA,1998,414357000
France,FRA,1999,413070240
France,FRA,2000,407444640
France,FRA,2001,411591650
France,FRA,2002,407026600
France,FRA,2003,412989100
France,FRA,2004,414073000
France,FRA,2005,416342900
France,FRA,2006,406669020
France,FRA,2007,396461200
France,FRA,2008,389794300
France,FRA,2009,371404200
France,FRA,2010,377079400
France,FRA,2011,355126820
France,FRA,2012,358100260
France,FRA,2013,360013340
France,FRA,2014,327808770
France,FRA,2015,332131000
France,FRA,2016,335496400
France,FRA,2017,338368030
France,FRA,2018,323101730
France,FRA,2019,316320800
France,FRA,2020,281515500
France,FRA,2021,307271840
France,FRA,2022,295303800
France,FRA,2023,270262660
France,FRA,2024,264155620
Germany,DEU,1792,468992
Germany,DEU,1793,479984
Germany,DEU,1794,443344
Germany,DEU,1795,447008
Germany,DEU,1796,534944
Germany,DEU,1797,549600
Germany,DEU,1798,575248
Germany,DEU,1799,626544
Germany,DEU,1800,795088
Germany,DEU,1801,534944
Germany,DEU,1802,553264
Germany,DEU,1803,534944
Germany,DEU,1804,1007599.94
Germany,DEU,1805,1040576
Germany,DEU,1806,937984
Germany,DEU,1807,2689376
Germany,DEU,1808,897680
Germany,DEU,1809,930656
Germany,DEU,1810,978288
Germany,DEU,1811,926992
Germany,DEU,1812,912336
Germany,DEU,1813,890352
Germany,DEU,1814,883024
Germany,DEU,1815,1029584.06
Germany,DEU,1816,2385264
Germany,DEU,1817,3381872
Germany,DEU,1818,3532096
Germany,DEU,1819,3275616
Germany,DEU,1820,3381872
Germany,DEU,1821,3532096
Germany,DEU,1822,3631024
Germany,DEU,1823,4034063.8
Germany,DEU,1824,3231648
Germany,DEU,1825,4338176
Germany,DEU,1826,4187952
Germany,DEU,1827,4539696
Germany,DEU,1828,4539696
Germany,DEU,1829,3631024
Germany,DEU,1830,4792512
Germany,DEU,1831,4590992
Germany,DEU,1832,3447824
Germany,DEU,1833,4378480
Germany,DEU,1834,4411456
Germany,DEU,1835,4931744
Germany,DEU,1836,5191888
Germany,DEU,1837,5950336
Germany,DEU,1838,6631840
Germany,DEU,1839,7020224
Germany,DEU,1840,9174656
Germany,DEU,1841,9548384
Germany,DEU,1842,10882080
Germany,DEU,1843,10299504
Germany,DEU,1844,10882080
Germany,DEU,1845,12611488
Germany,DEU,1846,13186736
Germany,DEU,1847,13838928
Germany,DEU,1848,12827664
Germany,DEU,1849,13622752
Germany,DEU,1850,15139648
Germany,DEU,1851,16869056
Germany,DEU,1852,19173712
Germany,DEU,1853,20760224
Germany,DEU,1854,24365600
Germany,DEU,1855,28615840
Germany,DEU,1856,30924160
Germany,DEU,1857,32939362
Germany,DEU,1858,35610416
Germany,DEU,1859,33807730
Germany,DEU,1860,36394510
Germany,DEU,1861,41329920
Germany,DEU,1862,45539856
Germany,DEU,1863,49383390
Germany,DEU,1864,56641776
Germany,DEU,1865,63467810
Germany,DEU,1866,62907216
Germany,DEU,1867,69154340
Germany,DEU,1868,74368210
Germany,DEU,1869,77592530
Germany,DEU,1870,76639890
Germany,DEU,1871,85349220
Germany,DEU,1872,92109300
Germany,DEU,1873,98367410
Germany,DEU,1874,71594560
Germany,DEU,1875,101518450
Germany,DEU,1876,103438380
Germany,DEU,1877,101302270
Germany,DEU,1878,104544910
Germany,DEU,1879,110846990
Germany,DEU,1880,124502720
Germany,DEU,1881,134263620
Germany,DEU,1882,143665440
Germany,DEU,1883,153092910
Germany,DEU,1884,157526350
Germany,DEU,1885,161183020
Germany,DEU,1886,163033340
Germany,DEU,1887,170390660
Germany,DEU,1888,186347380
Germany,DEU,1889,198848940
Germany,DEU,1890,208232450
Germany,DEU,1891,220840270
Germany,DEU,1892,214988860
Germany,DEU,1893,220712030
Germany,DEU,1894,229498300
Germany,DEU,1895,238284580
Germany,DEU,1896,256260160
Germany,DEU,1897,273554240
Germany,DEU,1898,285377950
Germany,DEU,1899,303283940
Germany,DEU,1900,326759200
Germany,DEU,1901,325557400
Germany,DEU,1902,319189380
Germany,DEU,1903,343598940
Germany,DEU,1904,356122460
Germany,DEU,1905,382323740
Germany,DEU,1906,361937250
Germany,DEU,1907,442182530
Germany,DEU,1908,446641600
Germany,DEU,1909,445571700
Germany,DEU,1910,445366530
Germany,DEU,1911,458586240
Germany,DEU,1912,499121060
Germany,DEU,1913,535083260
Germany,DEU,1914,497926600
Germany,DEU,1915,462906100
Germany,DEU,1916,500696600
Germany,DEU,1917,524578560
Germany,DEU,1918,503422600
Germany,DEU,1919,387427700
Germany,DEU,1920,429208300
Germany,DEU,1921,473179970
Germany,DEU,1922,455460830
Germany,DEU,1923,331929100
Germany,DEU,1924,451793180
Germany,DEU,1925,458065950
Germany,DEU,1926,413236900
Germany,DEU,1927,481185800
Germany,DEU,1928,505010900
Germany,DEU,1929,539234750
Germany,DEU,1930,462091780
Germany,DEU,1931,385964900
Germany,DEU,1932,347485760
Germany,DEU,1933,364980800
Germany,DEU,1934,408619780
Germany,DEU,1935,452332830
Germany,DEU,1936,499634430
Germany,DEU,1937,563512600
Germany,DEU,1938,601272640
Germany,DEU,1939,648625500
Germany,DEU,1940,654325000
Germany,DEU,1941,660793200
Germany,DEU,1942,667899400
Germany,DEU,1943,679430140
Germany,DEU,1944,600273150
Germany,DEU,1945,116064530
Germany,DEU,1946,271682430
Germany,DEU,1947,317660030
Germany,DEU,1948,377816400
Germany,DEU,1949,432148030
Germany,DEU,1950,510498620
Germany,DEU,1951,576631100
Germany,DEU,1952,610757060
Germany,DEU,1953,623250200
Germany,DEU,1954,659493700
Germany,DEU,1955,723231040
Germany,DEU,1956,765941600
Germany,DEU,1957,777665860
Germany,DEU,1958,756119100
Germany,DEU,1959,755483140
Germany,DEU,1960,813602200
Germany,DEU,1961,834506300
Germany,DEU,1962,882842560
Germany,DEU,1963,945241540
Germany,DEU,1964,968631740
Germany,DEU,1965,959842050
Germany,DEU,1966,951154560
Germany,DEU,1967,936013200
Germany,DEU,1968,984581950
Germany,DEU,1969,1051802900
Germany,DEU,1970,1025802500
Germany,DEU,1971,1037079230
Germany,DEU,1972,1041356400
Germany,DEU,1973,1085602800
Germany,DEU,1974,1062510850
Germany,DEU,1975,1002285760
Germany,DEU,1976,1090807700
Germany,DEU,1977,1052513300
Germany,DEU,1978,1079066600
Germany,DEU,1979,1117745500
Germany,DEU,1980,1099901200
Germany,DEU,1981,1048362200
Germany,DEU,1982,1015499600
Germany,DEU,1983,1011436300
Germany,DEU,1984,1033017500
Germany,DEU,1985,1043912800
Germany,DEU,1986,1047233800
Germany,DEU,1987,1032266940
Germany,DEU,1988,1028701630
Germany,DEU,1989,1008565250
Germany,DEU,1990,1054795900
Germany,DEU,1991,1016929540
Germany,DEU,1992,969464450
Germany,DEU,1993,959385860
Germany,DEU,1994,943227650
Germany,DEU,1995,939933600
Germany,DEU,1996,959690100
Germany,DEU,1997,931508100
Germany,DEU,1998,923498700
Germany,DEU,1999,895442050
Germany,DEU,2000,898975740
Germany,DEU,2001,915254800
Germany,DEU,2002,898834300
Germany,DEU,2003,894501100
Germany,DEU,2004,876569860
Germany,DEU,2005,867880500
Germany,DEU,2006,886434300
Germany,DEU,2007,846152960
Germany,DEU,2008,856642500
Germany,DEU,2009,789983940
Germany,DEU,2010,826704700
Germany,DEU,2011,804541600
Germany,DEU,2012,814093000
Germany,DEU,2013,831745540
Germany,DEU,2014,792583600
Germany,DEU,2015,800822500
Germany,DEU,2016,797988300
Germany,DEU,2017,784595140
Germany,DEU,2018,758771400
Germany,DEU,2019,708648960
Germany,DEU,2020,647176800
Germany,DEU,2021,677997700
Germany,DEU,2022,667843000
Germany,DEU,2023,593766000
Germany,DEU,2024,572319170
India,IND,1858,394481
India,IND,1859,636474
India,IND,1860,643104
India,IND,1861,497245
India,IND,1862,550285
India,IND,1863,609954
India,IND,1864,576805
India,IND,1865,566860
India,IND,1866,639789
India,IND,1878,1766878
India,IND,1879,1684355
India,IND,1880,1886743
India,IND,1881,1839304
India,IND,1882,2196259
India,IND,1883,2440867
India,IND,1884,2729971
India,IND,1885,2459363
India,IND,1886,2772020
India,IND,1887,3065970
India,IND,1888,3409502
India,IND,1889,4021770
India,IND,1890,4431605
India,IND,1891,4772351
India,IND,1892,5247216
India,IND,1893,5543114
India,IND,1894,5616621
India,IND,1895,7034599
India,IND,1896,7607913
India,IND,1897,8253253
India,IND,1898,9125050
India,IND,1899,10054329
India,IND,1900,11929382
India,IND,1901,13179482
India,IND,1902,14515204
India,IND,1903,14801903
India,IND,1904,16560764
India,IND,1905,16930472
India,IND,1906,19549130
India,IND,1907,21772074
India,IND,1908,24907868
India,IND,1909,24142304
India,IND,1910,23486964
India,IND,1911,24782072
India,IND,1912,28521014
India,IND,1913,31466286
India,IND,1914,31697660
India,IND,1915,33141220
India,IND,1916,33517002
India,IND,1917,35019230
India,IND,1918,39358704
India,IND,1919,42974096
India,IND,1920,34867452
India,IND,1921,37504950
India,IND,1922,36902812
India,IND,1923,37971310
India,IND,1924,40627332
India,IND,1925,40084310
India,IND,1926,39941964
India,IND,1927,41883140
India,IND,1928,40072296
India,IND,1929,41707188
India,IND,1930,42398796
India,IND,1931,38850388
India,IND,1932,36128884
India,IND,1933,35466760
India,IND,1934,39610384
India,IND,1935,41392524
India,IND,1936,40683816
India,IND,1937,45066548
India,IND,1938,50378828
India,IND,1939,49311412
India,IND,1940,52308668
India,IND,1941,53580236
India,IND,1942,53528676
India,IND,1943,46643676
India,IND,1944,47695224
India,IND,1945,52873180
India,IND,1946,52224150
India,IND,1947,53179404
India,IND,1948,53203210
India,IND,1949,56186924
India,IND,1950,60942560
India,IND,1951,63805724
India,IND,1952,67249430
India,IND,1953,68607650
India,IND,1954,72306530
India,IND,1955,78693850
India,IND,1956,81618800
India,IND,1957,91617590
India,IND,1958,95801250
India,IND,1959,101436020
India,IND,1960,111320210
India,IND,1961,120399360
India,IND,1962,132579760
India,IND,1963,142438960
India,IND,1964,139483200
India,IND,1965,153696700
India,IND,1966,159371420
India,IND,1967,159557100
India,IND,1968,174070540
India,IND,1969,177411300
India,IND,1970,181723860
India,IND,1971,191964860
India,IND,1972,203037040
India,IND,1973,209096030
India,IND,1974,215854050
India,IND,1975,234209710
India,IND,1976,244749840
India,IND,1977,258962060
India,IND,1978,263149940
India,IND,1979,276285000
India,IND,1980,291714430
India,IND,1981,314969280
India,IND,1982,325383070
India,IND,1983,352204860
India,IND,1984,361568800
India,IND,1985,397601120
India,IND,1986,426318050
India,IND,1987,455354720
India,IND,1988,491700100
India,IND,1989,540661900
India,IND,1990,577986560
India,IND,1991,615388160
India,IND,1992,655423550
India,IND,1993,677262100
India,IND,1994,714042800
India,IND,1995,760480200
India,IND,1996,823602200
India,IND,1997,857975740
India,IND,1998,875783360
India,IND,1999,961193860
India,IND,2000,987065100
India,IND,2001,1001198400
India,IND,2002,1032750340
India,IND,2003,1068397950
India,IND,2004,1134611000
India,IND,2005,1195393300
India,IND,2006,1293321500
India,IND,2007,1393485200
India,IND,2008,1490366500
India,IND,2009,1613327600
India,IND,2010,1678529500
India,IND,2011,1765694800
India,IND,2012,1926986400
India,IND,2013,1995337200
India,IND,2014,2148052000
India,IND,2015,2231817500
India,IND,2016,2352540200
India,IND,2017,2425721900
India,IND,2018,2595227100
India,IND,2019,2611174700
India,IND,2020,2422732000
India,IND,2021,2675778000
India,IND,2022,2831131600
India,IND,2023,3062756400
India,IND,2024,3193478100
United Kingdom,GBR,1750,9305937
United Kingdom,GBR,1751,9407229
United Kingdom,GBR,1752,9505168
United Kingdom,GBR,1753,9610490
United Kingdom,GBR,1754,9733580
United Kingdom,GBR,1755,9793468
United Kingdom,GBR,1756,9909914
United Kingdom,GBR,1757,10093936
United Kingdom,GBR,1758,10216358
United Kingdom,GBR,1759,10338854
United Kingdom,GBR,1760,10514331
United Kingdom,GBR,1761,10747885
United Kingdom,GBR,1762,10952198
United Kingdom,GBR,1763,11191592
United Kingdom,GBR,1764,11396982
United Kingdom,GBR,1765,11643486
United Kingdom,GBR,1766,11876080
United Kingdom,GBR,1767,12152509
United Kingdom,GBR,1768,12466936
United Kingdom,GBR,1769,12780074
United Kingdom,GBR,1770,13097216
United Kingdom,GBR,1771,13369488
United Kingdom,GBR,1772,13623507
United Kingdom,GBR,1773,13808138
United Kingdom,GBR,1774,14012415
United Kingdom,GBR,1775,14338920
United Kingdom,GBR,1776,14654124
United Kingdom,GBR,1777,14959537
United Kingdom,GBR,1778,15243483
United Kingdom,GBR,1779,15535235
United Kingdom,GBR,1780,15878726
United Kingdom,GBR,1781,16234383
United Kingdom,GBR,1782,16580954
United Kingdom,GBR,1783,17062752
United Kingdom,GBR,1784,17471092
United Kingdom,GBR,1785,17961464
United Kingdom,GBR,1786,18443832
United Kingdom,GBR,1787,18855466
United Kingdom,GBR,1788,19282564
United Kingdom,GBR,1789,19859760
United Kingdom,GBR,1790,20394430
United Kingdom,GBR,1791,20928086
United Kingdom,GBR,1792,21456558
United Kingdom,GBR,1793,21813614
United Kingdom,GBR,1794,22072648
United Kingdom,GBR,1795,21864574
United Kingdom,GBR,1796,21582768
United Kingdom,GBR,1797,21536814
United Kingdom,GBR,1798,22527018
United Kingdom,GBR,1799,26855000
United Kingdom,GBR,1800,31340080
United Kingdom,GBR,1801,30736626
United Kingdom,GBR,1802,30377368
United Kingdom,GBR,1803,28241450
United Kingdom,GBR,1804,27790074
United Kingdom,GBR,1805,29295006
United Kingdom,GBR,1806,30908602
United Kingdom,GBR,1807,32583656
United Kingdom,GBR,1808,33701640
United Kingdom,GBR,1809,34522536
United Kingdom,GBR,1810,35402028
United Kingdom,GBR,1811,36155070
United Kingdom,GBR,1812,36741616
United Kingdom,GBR,1813,37359772
United Kingdom,GBR,1814,38181804
United Kingdom,GBR,1815,39019170
United Kingdom,GBR,1816,39265496
United Kingdom,GBR,1817,41766344
United Kingdom,GBR,1818,43769000
United Kingdom,GBR,1819,43316496
United Kingdom,GBR,1820,42567188
United Kingdom,GBR,1821,43493436
United Kingdom,GBR,1822,45073956
United Kingdom,GBR,1823,46676420
United Kingdom,GBR,1824,48136788
United Kingdom,GBR,1825,49563788
United Kingdom,GBR,1826,50101644
United Kingdom,GBR,1827,52047628
United Kingdom,GBR,1828,52630228
United Kingdom,GBR,1829,53242880
United Kingdom,GBR,1830,67724220
United Kingdom,GBR,1831,64486136
United Kingdom,GBR,1832,62558720
United Kingdom,GBR,1833,61924740
United Kingdom,GBR,1834,65802124
United Kingdom,GBR,1835,72197420
United Kingdom,GBR,1836,78544550
United Kingdom,GBR,1837,75253620
United Kingdom,GBR,1838,73585960
United Kingdom,GBR,1839,75786170
United Kingdom,GBR,1840,80790880
United Kingdom,GBR,1841,81330410
United Kingdom,GBR,1842,85193130
United Kingdom,GBR,1843,88569550
United Kingdom,GBR,1844,93955130
United Kingdom,GBR,1845,99778424
United Kingdom,GBR,1846,95493680
United Kingdom,GBR,1847,101822930
United Kingdom,GBR,1848,108978020
United Kingdom,GBR,1849,117350130
United Kingdom,GBR,1850,122350150
United Kingdom,GBR,1851,116411176
United Kingdom,GBR,1852,115997620
United Kingdom,GBR,1853,115358070
United Kingdom,GBR,1854,139012290
United Kingdom,GBR,1855,130169360
United Kingdom,GBR,1856,140081200
United Kingdom,GBR,1857,137573280
United Kingdom,GBR,1858,134833460
United Kingdom,GBR,1859,149702940
United Kingdom,GBR,1860,167950430
United Kingdom,GBR,1861,175047600
United Kingdom,GBR,1862,169470990
United Kingdom,GBR,1863,180224830
United Kingdom,GBR,1864,193909870
United Kingdom,GBR,1865,205488110
United Kingdom,GBR,1866,211731570
United Kingdom,GBR,1867,217374130
United Kingdom,GBR,1868,213219150
United Kingdom,GBR,1869,223705520
United Kingdom,GBR,1870,228494370
United Kingdom,GBR,1871,242036510
United Kingdom,GBR,1872,254988750
United Kingdom,GBR,1873,264658050
United Kingdom,GBR,1874,257187170
United Kingdom,GBR,1875,271487740
United Kingdom,GBR,1876,271018750
United Kingdom,GBR,1877,275899200
United Kingdom,GBR,1878,270974800
United Kingdom,GBR,1879,272645570
United Kingdom,GBR,1880,297124770
United Kingdom,GBR,1881,312312030
United Kingdom,GBR,1882,314964770
United Kingdom,GBR,1883,327730140
United Kingdom,GBR,1884,319097760
United Kingdom,GBR,1885,315290850
United Kingdom,GBR,1886,312429280
United Kingdom,GBR,1887,320442430
United Kingdom,GBR,1888,333167520
United Kingdom,GBR,1889,345024220
United Kingdom,GBR,1890,353022720
United Kingdom,GBR,1891,360471650
United Kingdom,GBR,1892,353008100
United Kingdom,GBR,1893,316210530
United Kingdom,GBR,1894,362102140
United Kingdom,GBR,1895,365549950
United Kingdom,GBR,1896,375981340
United Kingdom,GBR,1897,385969400
United Kingdom,GBR,1898,386878080
United Kingdom,GBR,1899,414552300
United Kingdom,GBR,1900,419740500
United Kingdom,GBR,1901,410701400
United Kingdom,GBR,1902,426639840
United Kingdom,GBR,1903,429985060
United Kingdom,GBR,1904,431992930
United Kingdom,GBR,1905,437672130
United Kingdom,GBR,1906,453350370
United Kingdom,GBR,1907,473568320
United Kingdom,GBR,1908,461964450
United Kingdom,GBR,1909,466086460
United Kingdom,GBR,1910,469732130
United Kingdom,GBR,1911,481350700
United Kingdom,GBR,1912,455885860
United Kingdom,GBR,1913,498322340
United Kingdom,GBR,1914,483182700
United Kingdom,GBR,1915,489481100
United Kingdom,GBR,1916,507071970
United Kingdom,GBR,1917,501169250
United Kingdom,GBR,1918,466848580
United Kingdom,GBR,1919,456131360
United Kingdom,GBR,1920,480472480
United Kingdom,GBR,1921,332187780
United Kingdom,GBR,1922,439608350
United Kingdom,GBR,1923,466067230
United Kingdom,GBR,1924,488240160
United Kingdom,GBR,1925,460999000
United Kingdom,GBR,1926,261066020
United Kingdom,GBR,1927,481344130
United Kingdom,GBR,1928,454453470
United Kingdom,GBR,1929,478205950
United Kingdom,GBR,1930,460804770
United Kingdom,GBR,1931,430978720
United Kingdom,GBR,1932,414564930
United Kingdom,GBR,1933,412268770
United Kingdom,GBR,1934,445277200
United Kingdom,GBR,1935,451205500
United Kingdom,GBR,1936,476535360
United Kingdom,GBR,1937,491703230
United Kingdom,GBR,1938,472755740
United Kingdom,GBR,1939,474288770
United Kingdom,GBR,1940,500083070
United Kingdom,GBR,1941,499796060
United Kingdom,GBR,1942,492995900
United Kingdom,GBR,1943,490218620
United Kingdom,GBR,1944,489670370
United Kingdom,GBR,1945,453074080
United Kingdom,GBR,1946,464411970
United Kingdom,GBR,1947,485231840
United Kingdom,GBR,1948,503510100
United Kingdom,GBR,1949,507551520
United Kingdom,GBR,1950,499227600
United Kingdom,GBR,1951,543790900
United Kingdom,GBR,1952,527412700
United Kingdom,GBR,1953,539100540
United Kingdom,GBR,1954,552031400
United Kingdom,GBR,1955,576119940
United Kingdom,GBR,1956,573744700
United Kingdom,GBR,1957,570248800
United Kingdom,GBR,1958,555993400
United Kingdom,GBR,1959,546364300
United Kingdom,GBR,1960,583902800
United Kingdom,GBR,1961,588578200
United Kingdom,GBR,1962,592920450
United Kingdom,GBR,1963,603382000
United Kingdom,GBR,1964,607866000
United Kingdom,GBR,1965,622115260
United Kingdom,GBR,1966,618078340
United Kingdom,GBR,1967,592064300
United Kingdom,GBR,1968,606495600
United Kingdom,GBR,1969,628389900
United Kingdom,GBR,1970,652584700
United Kingdom,GBR,1971,660395600
United Kingdom,GBR,1972,648033600
United Kingdom,GBR,1973,659584400
United Kingdom,GBR,1974,617187260
United Kingdom,GBR,1975,603254400
United Kingdom,GBR,1976,598533300
United Kingdom,GBR,1977,604369000
United Kingdom,GBR,1978,604728060
United Kingdom,GBR,1979,644509200
United Kingdom,GBR,1980,579039040
United Kingdom,GBR,1981,560547140
United Kingdom,GBR,1982,548229400
United Kingdom,GBR,1983,545474100
United Kingdom,GBR,1984,529097200
United Kingdom,GBR,1985,559634600
United Kingdom,GBR,1986,568568640
United Kingdom,GBR,1987,571649300
United Kingdom,GBR,1988,570279040
United Kingdom,GBR,1989,581561500
United Kingdom,GBR,1990,601945100
United Kingdom,GBR,1991,609412700
United Kingdom,GBR,1992,593845950
United Kingdom,GBR,1993,579612540
United Kingdom,GBR,1994,574016900
United Kingdom,GBR,1995,566158900
United Kingdom,GBR,1996,586760700
United Kingdom,GBR,1997,562708160
United Kingdom,GBR,1998,568543700
United Kingdom,GBR,1999,561649600
United Kingdom,GBR,2000,569033660
United Kingdom,GBR,2001,577970560
United Kingdom,GBR,2002,560273200
United Kingdom,GBR,2003,571618750
United Kingdom,GBR,2004,573429760
United Kingdom,GBR,2005,570338370
United Kingdom,GBR,2006,567845600
United Kingdom,GBR,2007,559566460
United Kingdom,GBR,2008,544932400
United Kingdom,GBR,2009,494107700
United Kingdom,GBR,2010,511904580
United Kingdom,GBR,2011,469713300
United Kingdom,GBR,2012,487476770
United Kingdom,GBR,2013,477611260
United Kingdom,GBR,2014,438807070
United Kingdom,GBR,2015,422460800
United Kingdom,GBR,2016,399430140
United Kingdom,GBR,2017,387367140
United Kingdom,GBR,2018,379729760
United Kingdom,GBR,2019,364753280
United Kingdom,GBR,2020,326263200
United Kingdom,GBR,2021,342365570
United Kingdom,GBR,2022,311118000
United Kingdom,GBR,2023,307826140
United Kingdom,GBR,2024,312905540
United States,USA,1800,252815.98
United States,USA,1801,267472
United States,USA,1802,289456
United States,USA,1803,296784
United States,USA,1804,333424
United States,USA,1805,340752
United States,USA,1806,333424
United States,USA,1807,377392
United States,USA,1808,392048
United States,USA,1809,403040
United States,USA,1810,417696
United States,USA,1811,447008
United States,USA,1812,483648
United States,USA,1813,520288
United States,USA,1814,560592
United States,USA,1815,600896
United States,USA,1816,663184
United States,USA,1817,718144
United States,USA,1818,780432
United States,USA,1819,762112
United States,USA,1820,791424
United States,USA,1821,828064
United States,USA,1822,864704
United States,USA,1823,901344
United States,USA,1824,1014928
United States,USA,1825,1135840
United States,USA,1826,1315376
United States,USA,1827,1447280
United States,USA,1828,1593840
United States,USA,1829,1795360
United States,USA,1830,2088480
United States,USA,1831,2264352
United States,USA,1832,3022800
United States,USA,1833,3528432
United States,USA,1834,3381872
United States,USA,1835,4316192
United States,USA,1836,4730224
United States,USA,1837,5305472
United States,USA,1838,5030672
United States,USA,1839,5517984
United States,USA,1840,5873392
United States,USA,1841,6214144
United States,USA,1842,6917632
United States,USA,1843,7764016
United States,USA,1844,9306560
United States,USA,1845,11204512
United States,USA,1846,12710416
United States,USA,1847,15070032
United States,USA,1848,16784784
United States,USA,1849,18221072
United States,USA,1850,19792928
United States,USA,1851,24633072
United States,USA,1852,26791168
United States,USA,1853,30162048
United States,USA,1854,33159198
United States,USA,1855,38160560
United States,USA,1856,40036530
United States,USA,1857,41055120
United States,USA,1858,41648690
United States,USA,1859,45320016
United States,USA,1860,47437810
United States,USA,1861,45679090
United States,USA,1862,47448800
United States,USA,1863,54809776
United States,USA,1864,58656976
United States,USA,1865,58821856
United States,USA,1866,59232224
United States,USA,1867,72865970
United States,USA,1868,82352060
United States,USA,1869,93695810
United States,USA,1870,98620220
United States,USA,1871,103020690
United States,USA,1872,126305410
United States,USA,1873,139506800
United States,USA,1874,134296590
United States,USA,1875,135747540
United States,USA,1876,132820010
United States,USA,1877,147175550
United States,USA,1878,143903600
United States,USA,1879,175468960
United States,USA,1880,198856380
United States,USA,1881,210400510
United States,USA,1882,235663860
United States,USA,1883,254230540
United States,USA,1884,267921760
United States,USA,1885,272506900
United States,USA,1886,287836900
United States,USA,1887,307936640
United States,USA,1888,374415200
United States,USA,1889,336123680
United States,USA,1890,402411650
United States,USA,1891,428107500
United States,USA,1892,451176600
United States,USA,1893,454759420
United States,USA,1894,425744800
United States,USA,1895,480673180
United States,USA,1896,481672540
United States,USA,1897,501199780
United States,USA,1898,546327300
United States,USA,1899,626822900
United States,USA,1900,664131600
United States,USA,1901,723192060
United States,USA,1902,766651600
United States,USA,1903,896952800
United States,USA,1904,884803400
United States,USA,1905,989991200
United States,USA,1906,1039963970
United States,USA,1907,1208486300
United States,USA,1908,1057521600
United States,USA,1909,1171650800
United States,USA,1910,1278529500
United States,USA,1911,1265776100
United States,USA,1912,1351017700
United States,USA,1913,1450855400
United States,USA,1914,1325944300
United States,USA,1915,1375451600
United States,USA,1916,1527240000
United States,USA,1917,1679331300
United States,USA,1918,1754117200
United States,USA,1919,1486433300
United States,USA,1920,1747166700
United States,USA,1921,1432479000
United States,USA,1922,1446013000
United States,USA,1923,1909034400
United States,USA,1924,1711686500
United States,USA,1925,1758185500
United States,USA,1926,1906048500
United States,USA,1927,1862839200
United States,USA,1928,1830965000
United States,USA,1929,1963506200
United States,USA,1930,1744916200
United States,USA,1931,1484959100
United States,USA,1932,1257814100
United States,USA,1933,1348876800
United States,USA,1934,1436238600
United States,USA,1935,1492320900
United States,USA,1936,1713411700
United States,USA,1937,1792609900
United States,USA,1938,1515749900
United States,USA,1939,1670920400
United States,USA,1940,1874985100
United States,USA,1941,2043585000
United States,USA,1942,2198264800
United States,USA,1943,2272059100
United States,USA,1944,2444903700
United States,USA,1945,2359551500
United States,USA,1946,2257493800
United States,USA,1947,2485854500
United States,USA,1948,2582558700
United States,USA,1949,2164862200
United States,USA,1950,2541485300
United States,USA,1951,2618704400
United States,USA,1952,2551215900
United States,USA,1953,2612971300
United States,USA,1954,2489462300
United States,USA,1955,2728508400
United States,USA,1956,2859987500
United States,USA,1957,2835772200
United States,USA,1958,2747107600
United States,USA,1959,2831908400
United States,USA,1960,2897308000
United States,USA,1961,2886861800
United States,USA,1962,2993898500
United States,USA,1963,3126484000
United States,USA,1964,3264306400
United States,USA,1965,3399539200
United States,USA,1966,3571417600
United States,USA,1967,3705461000
United States,USA,1968,3840923400
United States,USA,1969,4035156200
United States,USA,1970,4339704300
United States,USA,1971,4365483500
United States,USA,1972,4573033500
United States,USA,1973,4777725000
United States,USA,1974,4608462300
United States,USA,1975,4414455300
United States,USA,1976,4621539000
United States,USA,1977,4749501000
United States,USA,1978,4897339000
United States,USA,1979,4908766000
United States,USA,1980,4730218500
United States,USA,1981,4543633400
United States,USA,1982,4311918600
United States,USA,1983,4346381000
United States,USA,1984,4479379500
United States,USA,1985,4495378400
United States,USA,1986,4498135600
United States,USA,1987,4691930000
United States,USA,1988,4897776000
United States,USA,1989,4960237600
United States,USA,1990,5131760600
United States,USA,1991,5076412400
United States,USA,1992,5178769400
United States,USA,1993,5279520300
United States,USA,1994,5361863000
United States,USA,1995,5425837600
United States,USA,1996,5601094000
United States,USA,1997,5673144000
United States,USA,1998,5736360000
United States,USA,1999,5800281000
United States,USA,2000,6023158000
United States,USA,2001,5903562000
United States,USA,2002,5947819500
United States,USA,2003,6006440000
United States,USA,2004,6111545000
United States,USA,2005,6126903300
United States,USA,2006,6045326300
United States,USA,2007,6121542700
United States,USA,2008,5919221000
United States,USA,2009,5486104000
United States,USA,2010,5669250000
United States,USA,2011,5538973000
United States,USA,2012,5331467300
United States,USA,2013,5473436000
United States,USA,2014,5531385300
United States,USA,2015,5368496600
United States,USA,2016,5245361700
United States,USA,2017,5195417600
United States,USA,2018,5361236500
United States,USA,2019,5235912000
United States,USA,2020,4689954000
United States,USA,2021,5020111000
United States,USA,2022,5055403000
United States,USA,2023,4918406700
United States,USA,2024,4904120000