Entity,Code,Year,Population
Africa,OWID_AFR,-10000,228973
Africa,OWID_AFR,-9000,325004
Africa,OWID_AFR,-8000,465827
Africa,OWID_AFR,-7000,674187
Africa,OWID_AFR,-6000,985195
Africa,OWID_AFR,-5000,1453426
Africa,OWID_AFR,-4000,2264223
Africa,OWID_AFR,-3000,4026815
Africa,OWID_AFR,-2000,6093084
Africa,OWID_AFR,-1000,9034441
Africa,OWID_AFR,0,14870035
Africa,OWID_AFR,100,16254022
Africa,OWID_AFR,200,17830592
Africa,OWID_AFR,300,18797924
Africa,OWID_AFR,400,20068212
Africa,OWID_AFR,500,21592260
Africa,OWID_AFR,600,23605838
Africa,OWID_AFR,700,27198624
Africa,OWID_AFR,800,31757168
Africa,OWID_AFR,900,35767436
Africa,OWID_AFR,1000,39869508
Africa,OWID_AFR,1100,42444488
Africa,OWID_AFR,1200,45540064
Africa,OWID_AFR,1300,50940648
Africa,OWID_AFR,1400,54830016
Africa,OWID_AFR,1500,58613540
Africa,OWID_AFR,1600,68577456
Africa,OWID_AFR,1700,78557832
Africa,OWID_AFR,1710,78025176
Africa,OWID_AFR,1720,78267664
Africa,OWID_AFR,1730,78574008
Africa,OWID_AFR,1740,78944912
Africa,OWID_AFR,1750,79382032
Africa,OWID_AFR,1760,79888176
Africa,OWID_AFR,1770,80467736
Africa,OWID_AFR,1780,81127312
Africa,OWID_AFR,1790,81860944
Africa,OWID_AFR,1800,81273172
Africa,OWID_AFR,1801,81378197
Africa,OWID_AFR,1802,81484588
Africa,OWID_AFR,1803,81592351
Africa,OWID_AFR,1804,81701503
Africa,OWID_AFR,1805,81812061
Africa,OWID_AFR,1806,81924029
Africa,OWID_AFR,1807,82037425
Africa,OWID_AFR,1808,82152271
Africa,OWID_AFR,1809,82268577
Africa,OWID_AFR,1810,82387585
Africa,OWID_AFR,1811,82515959
Africa,OWID_AFR,1812,82655601
Africa,OWID_AFR,1813,82806647
Africa,OWID_AFR,1814,82969493
Africa,OWID_AFR,1815,83144278
Africa,OWID_AFR,1816,83331163
Africa,OWID_AFR,1817,83530303
Africa,OWID_AFR,1818,83741849
Africa,OWID_AFR,1819,84037482
Africa,OWID_AFR,1820,84418699
Africa,OWID_AFR,1821,84896601
Africa,OWID_AFR,1822,85462636
Africa,OWID_AFR,1823,86142885
Africa,OWID_AFR,1824,86843609
Africa,OWID_AFR,1825,87565137
Africa,OWID_AFR,1826,88307785
Africa,OWID_AFR,1827,89071893
Africa,OWID_AFR,1828,89857801
Africa,OWID_AFR,1829,90666142
Africa,OWID_AFR,1830,91497291
Africa,OWID_AFR,1831,92352331
Africa,OWID_AFR,1832,93221742
Africa,OWID_AFR,1833,94105808
Africa,OWID_AFR,1834,95004472
Africa,OWID_AFR,1835,95918027
Africa,OWID_AFR,1836,96846733
Africa,OWID_AFR,1837,97790863
Africa,OWID_AFR,1838,98750710
Africa,OWID_AFR,1839,99745866
Africa,OWID_AFR,1840,100777177
Africa,OWID_AFR,1841,101844538
Africa,OWID_AFR,1842,102949818
Africa,OWID_AFR,1843,104093942
Africa,OWID_AFR,1844,105258529
Africa,OWID_AFR,1845,106444013
Africa,OWID_AFR,1846,107650802
Africa,OWID_AFR,1847,108879329
Africa,OWID_AFR,1848,110130035
Africa,OWID_AFR,1849,111271621
Africa,OWID_AFR,1850,112301163
Africa,OWID_AFR,1851,112964625
Africa,OWID_AFR,1852,113506374
Africa,OWID_AFR,1853,113925748
Africa,OWID_AFR,1854,114348862
Africa,OWID_AFR,1855,114775726
Africa,OWID_AFR,1856,115206465
Africa,OWID_AFR,1857,115641146
Africa,OWID_AFR,1858,116079843
Africa,OWID_AFR,1859,116531294
Africa,OWID_AFR,1860,116995450
Africa,OWID_AFR,1861,117468679
Africa,OWID_AFR,1862,117954363
Africa,OWID_AFR,1863,118452604
Africa,OWID_AFR,1864,118954681
Africa,OWID_AFR,1865,119460616
Africa,OWID_AFR,1866,119970440
Africa,OWID_AFR,1867,120484192
Africa,OWID_AFR,1868,121001894
Africa,OWID_AFR,1869,121535848
Africa,OWID_AFR,1870,122086255
Africa,OWID_AFR,1871,122649582
Africa,OWID_AFR,1872,123231396
Africa,OWID_AFR,1873,123830278
Africa,OWID_AFR,1874,124434132
Africa,OWID_AFR,1875,125042995
Africa,OWID_AFR,1876,125656913
Africa,OWID_AFR,1877,126275921
Africa,OWID_AFR,1878,126900066
Africa,OWID_AFR,1879,127539564
Africa,OWID_AFR,1880,128194527
Africa,OWID_AFR,1881,128863890
Africa,OWID_AFR,1882,129548955
Africa,OWID_AFR,1883,130249836
Africa,OWID_AFR,1884,130956522
Africa,OWID_AFR,1885,131669056
Africa,OWID_AFR,1886,132387485
Africa,OWID_AFR,1887,133111879
Africa,OWID_AFR,1888,133842280
Africa,OWID_AFR,1889,134489847
Africa,OWID_AFR,1890,135054738
Africa,OWID_AFR,1891,135539040
Africa,OWID_AFR,1892,135941070
Africa,OWID_AFR,1893,136260909
Africa,OWID_AFR,1894,136587590
Africa,OWID_AFR,1895,136921163
Africa,OWID_AFR,1896,137261683
Africa,OWID_AFR,1897,137609187
Africa,OWID_AFR,1898,137963724
Africa,OWID_AFR,1899,138345391
Africa,OWID_AFR,1900,138755559
Africa,OWID_AFR,1901,139195205
Africa,OWID_AFR,1902,139666271
Africa,OWID_AFR,1903,140170120
Africa,OWID_AFR,1904,140688001
Africa,OWID_AFR,1905,141220048
Africa,OWID_AFR,1906,141766391
Africa,OWID_AFR,1907,142327180
Africa,OWID_AFR,1908,142902543
Africa,OWID_AFR,1909,143483346
Africa,OWID_AFR,1910,144068383
Africa,OWID_AFR,1911,144655670
Africa,OWID_AFR,1912,145245400
Africa,OWID_AFR,1913,145835662
Africa,OWID_AFR,1914,146434524
Africa,OWID_AFR,1915,147042086
Africa,OWID_AFR,1916,147658424
Africa,OWID_AFR,1917,148283643
Africa,OWID_AFR,1918,148892208
Africa,OWID_AFR,1919,149751440
Africa,OWID_AFR,1920,150865200
Africa,OWID_AFR,1921,152239781
Africa,OWID_AFR,1922,153876862
Africa,OWID_AFR,1923,155780482
Africa,OWID_AFR,1924,157712366
Africa,OWID_AFR,1925,159672951
Africa,OWID_AFR,1926,161662674
Africa,OWID_AFR,1927,163681990
Africa,OWID_AFR,1928,165731367
Africa,OWID_AFR,1929,167813287
Africa,OWID_AFR,1930,169928217
Africa,OWID_AFR,1931,172076932
Africa,OWID_AFR,1932,174259628
Africa,OWID_AFR,1933,176476818
Africa,OWID_AFR,1934,178726971
Africa,OWID_AFR,1935,181010603
Africa,OWID_AFR,1936,183328236
Africa,OWID_AFR,1937,185680386
Africa,OWID_AFR,1938,188067589
Africa,OWID_AFR,1939,190609541
Africa,OWID_AFR,1940,193310936
Africa,OWID_AFR,1941,196179605
Africa,OWID_AFR,1942,199217448
Africa,OWID_AFR,1943,202429522
Africa,OWID_AFR,1944,205701844
Africa,OWID_AFR,1945,209035596
Africa,OWID_AFR,1946,212431972
Africa,OWID_AFR,1947,215892204
Africa,OWID_AFR,1948,219417536
Africa,OWID_AFR,1949,223283534
Africa,OWID_AFR,1950,227776838
Africa,OWID_AFR,1951,232557370
Africa,OWID_AFR,1952,237539910
Africa,OWID_AFR,1953,242685417
Africa,OWID_AFR,1954,248006203
Africa,OWID_AFR,1955,253538234
Africa,OWID_AFR,1956,259271764
Africa,OWID_AFR,1957,265129059
Africa,OWID_AFR,1958,271042090
Africa,OWID_AFR,1959,277271946
Africa,OWID_AFR,1960,283922294
Africa,OWID_AFR,1961,290814089
Africa,OWID_AFR,1962,297959970
Africa,OWID_AFR,1963,305371364
Africa,OWID_AFR,1964,313056695
Africa,OWID_AFR,1965,320995365
Africa,OWID_AFR,1966,329207333
Africa,OWID_AFR,1967,337767952
Africa,OWID_AFR,1968,346674276
Africa,OWID_AFR,1969,355911162
Africa,OWID_AFR,1970,365456903
Africa,OWID_AFR,1971,375228323
Africa,OWID_AFR,1972,385211089
Africa,OWID_AFR,1973,395717739
Africa,OWID_AFR,1974,406762881
Africa,OWID_AFR,1975,418322666
Africa,OWID_AFR,1976,430382650
Africa,OWID_AFR,1977,442542565
Africa,OWID_AFR,1978,455417592
Africa,OWID_AFR,1979,469072946
Africa,OWID_AFR,1980,482922202
Africa,OWID_AFR,1981,497487390
Africa,OWID_AFR,1982,512805436
Africa,OWID_AFR,1983,528042881
Africa,OWID_AFR,1984,543411002
Africa,OWID_AFR,1985,559417482
Africa,OWID_AFR,1986,575715653
Africa,OWID_AFR,1987,592341398
Africa,OWID_AFR,1988,609119477
Africa,OWID_AFR,1989,626082685
Africa,OWID_AFR,1990,643490587
Africa,OWID_AFR,1991,660810865
Africa,OWID_AFR,1992,678257033
Africa,OWID_AFR,1993,696302246
Africa,OWID_AFR,1994,714183914
Africa,OWID_AFR,1995,732395090
Africa,OWID_AFR,1996,751187001
Africa,OWID_AFR,1997,770098458
Africa,OWID_AFR,1998,789672411
Africa,OWID_AFR,1999,809745318
Africa,OWID_AFR,2000,830226481
Africa,OWID_AFR,2001,851317075
Africa,OWID_AFR,2002,873025213
Africa,OWID_AFR,2003,895336412
Africa,OWID_AFR,2004,918363272
Africa,OWID_AFR,2005,942115143
Africa,OWID_AFR,2006,966491337
Africa,OWID_AFR,2007,991615906
Africa,OWID_AFR,2008,1017632831
Africa,OWID_AFR,2009,1044356804
Africa,OWID_AFR,2010,1071809929
Africa,OWID_AFR,2011,1099732995
Africa,OWID_AFR,2012,1128396676
Africa,OWID_AFR,2013,1158293959
Africa,OWID_AFR,2014,1188685762
Africa,OWID_AFR,2015,1219484027
Africa,OWID_AFR,2016,1250551239
Africa,OWID_AFR,2017,1282169538
Africa,OWID_AFR,2018,1314609397
Africa,OWID_AFR,2019,1347162538
Africa,OWID_AFR,2020,1379939686
Africa,OWID_AFR,2021,1412811077
Africa,OWID_AFR,2022,1445862695
Africa,OWID_AFR,2023,1479690254
Asia,OWID_ASI,-10000,1183783
Asia,OWID_ASI,-9000,1673231
Asia,OWID_ASI,-8000,2405903
Asia,OWID_ASI,-7000,3580818
Asia,OWID_ASI,-6000,5643078
Asia,OWID_ASI,-5000,9452731
Asia,OWID_ASI,-4000,16076769
Asia,OWID_ASI,-3000,26806386
Asia,OWID_ASI,-2000,46901344
Asia,OWID_ASI,-1000,72722528
Asia,OWID_ASI,0,165488624
Asia,OWID_ASI,100,166200944
Asia,OWID_ASI,200,165630128
Asia,OWID_ASI,300,151598544
Asia,OWID_ASI,400,164215360
Asia,OWID_ASI,500,176609472
Asia,OWID_ASI,600,195090976
Asia,OWID_ASI,700,194108480
Asia,OWID_ASI,800,192532960
Asia,OWID_ASI,900,207417104
Asia,OWID_ASI,1000,209186032
Asia,OWID_ASI,1100,268491680
Asia,OWID_ASI,1200,290535296
Asia,OWID_ASI,1300,270833824
Asia,OWID_ASI,1400,270937184
Asia,OWID_ASI,1500,303879520
Asia,OWID_ASI,1600,334114560
Asia,OWID_ASI,1700,386909664
Asia,OWID_ASI,1710,399588352
Asia,OWID_ASI,1720,421137728
Asia,OWID_ASI,1730,434861600
Asia,OWID_ASI,1740,457025792
Asia,OWID_ASI,1750,498699232
Asia,OWID_ASI,1760,524020960
Asia,OWID_ASI,1770,553793728
Asia,OWID_ASI,1780,616125696
Asia,OWID_ASI,1790,646046464
Asia,OWID_ASI,1800,683181540
Asia,OWID_ASI,1801,685331004
Asia,OWID_ASI,1802,687499996
Asia,OWID_ASI,1803,689688487
Asia,OWID_ASI,1804,691896457
Asia,OWID_ASI,1805,694123893
Asia,OWID_ASI,1806,696370781
Asia,OWID_ASI,1807,698637130
Asia,OWID_ASI,1808,700922938
Asia,OWID_ASI,1809,703228216
Asia,OWID_ASI,1810,706697247
Asia,OWID_ASI,1811,710184970
Asia,OWID_ASI,1812,714101589
Asia,OWID_ASI,1813,718452410
Asia,OWID_ASI,1814,722875649
Asia,OWID_ASI,1815,727371867
Asia,OWID_ASI,1816,731941628
Asia,OWID_ASI,1817,736585517
Asia,OWID_ASI,1818,741304115
Asia,OWID_ASI,1819,745877888
Asia,OWID_ASI,1820,750302436
Asia,OWID_ASI,1821,754333381
Asia,OWID_ASI,1822,758182933
Asia,OWID_ASI,1823,762351061
Asia,OWID_ASI,1824,766551242
Asia,OWID_ASI,1825,770783722
Asia,OWID_ASI,1826,775048757
Asia,OWID_ASI,1827,779346599
Asia,OWID_ASI,1828,783677502
Asia,OWID_ASI,1829,787519369
Asia,OWID_ASI,1830,790868367
Asia,OWID_ASI,1831,793720630
Asia,OWID_ASI,1832,796067340
Asia,OWID_ASI,1833,797904515
Asia,OWID_ASI,1834,799750516
Asia,OWID_ASI,1835,801605412
Asia,OWID_ASI,1836,803463258
Asia,OWID_ASI,1837,805330136
Asia,OWID_ASI,1838,807206121
Asia,OWID_ASI,1839,809029646
Asia,OWID_ASI,1840,810809627
Asia,OWID_ASI,1841,812540636
Asia,OWID_ASI,1842,814222743
Asia,OWID_ASI,1843,815855997
Asia,OWID_ASI,1844,817502099
Asia,OWID_ASI,1845,819161198
Asia,OWID_ASI,1846,820833452
Asia,OWID_ASI,1847,822519006
Asia,OWID_ASI,1848,824218038
Asia,OWID_ASI,1849,825222462
Asia,OWID_ASI,1850,825539753
Asia,OWID_ASI,1851,824919179
Asia,OWID_ASI,1852,823625614
Asia,OWID_ASI,1853,821666826
Asia,OWID_ASI,1854,819758194
Asia,OWID_ASI,1855,817899693
Asia,OWID_ASI,1856,816091289
Asia,OWID_ASI,1857,814332986
Asia,OWID_ASI,1858,812624772
Asia,OWID_ASI,1859,811269628
Asia,OWID_ASI,1860,810264188
Asia,OWID_ASI,1861,809610216
Asia,OWID_ASI,1862,809307266
Asia,OWID_ASI,1863,809347406
Asia,OWID_ASI,1864,809420661
Asia,OWID_ASI,1865,809519559
Asia,OWID_ASI,1866,809642614
Asia,OWID_ASI,1867,809796645
Asia,OWID_ASI,1868,809979613
Asia,OWID_ASI,1869,810619596
Asia,OWID_ASI,1870,811727086
Asia,OWID_ASI,1871,813281475
Asia,OWID_ASI,1872,815307566
Asia,OWID_ASI,1873,817774457
Asia,OWID_ASI,1874,820245876
Asia,OWID_ASI,1875,822748807
Asia,OWID_ASI,1876,825262338
Asia,OWID_ASI,1877,827756319
Asia,OWID_ASI,1878,830246401
Asia,OWID_ASI,1879,833177921
Asia,OWID_ASI,1880,836588561
Asia,OWID_ASI,1881,840498338
Asia,OWID_ASI,1882,844908026
Asia,OWID_ASI,1883,849808775
Asia,OWID_ASI,1884,854759869
Asia,OWID_ASI,1885,859815828
Asia,OWID_ASI,1886,864895539
Asia,OWID_ASI,1887,870044849
Asia,OWID_ASI,1888,875235619
Asia,OWID_ASI,1889,880253270
Asia,OWID_ASI,1890,885113714
Asia,OWID_ASI,1891,889769283
Asia,OWID_ASI,1892,894234392
Asia,OWID_ASI,1893,898513802
Asia,OWID_ASI,1894,902847416
Asia,OWID_ASI,1895,907247338
Asia,OWID_ASI,1896,911649066
Asia,OWID_ASI,1897,916108835
Asia,OWID_ASI,1898,920604531
Asia,OWID_ASI,1899,925586618
Asia,OWID_ASI,1900,931021418
Asia,OWID_ASI,1901,936902660
Asia,OWID_ASI,1902,943255046
Asia,OWID_ASI,1903,950069951
Asia,OWID_ASI,1904,956950596
Asia,OWID_ASI,1905,963899803
Asia,OWID_ASI,1906,970921559
Asia,OWID_ASI,1907,978034978
Asia,OWID_ASI,1908,985241824
Asia,OWID_ASI,1909,992474216
Asia,OWID_ASI,1910,999734197
Asia,OWID_ASI,1911,1006983059
Asia,OWID_ASI,1912,1014336227
Asia,OWID_ASI,1913,1021733426
Asia,OWID_ASI,1914,1029237086
Asia,OWID_ASI,1915,1036849812
Asia,OWID_ASI,1916,1044516276
Asia,OWID_ASI,1917,1052212325
Asia,OWID_ASI,1918,1060455454
Asia,OWID_ASI,1919,1068676253
Asia,OWID_ASI,1920,1076882587
Asia,OWID_ASI,1921,1084965328
Asia,OWID_ASI,1922,1092913940
Asia,OWID_ASI,1923,1100750146
Asia,OWID_ASI,1924,1108723191
Asia,OWID_ASI,1925,1116816909
Asia,OWID_ASI,1926,1125041494
Asia,OWID_ASI,1927,1133396748
Asia,OWID_ASI,1928,1141888360
Asia,OWID_ASI,1929,1151215839
Asia,OWID_ASI,1930,1161422369
Asia,OWID_ASI,1931,1172523816
Asia,OWID_ASI,1932,1184512344
Asia,OWID_ASI,1933,1197356574
Asia,OWID_ASI,1934,1210362883
Asia,OWID_ASI,1935,1223537795
Asia,OWID_ASI,1936,1236977246
Asia,OWID_ASI,1937,1250648056
Asia,OWID_ASI,1938,1264656203
Asia,OWID_ASI,1939,1277274161
Asia,OWID_ASI,1940,1288504299
Asia,OWID_ASI,1941,1298273758
Asia,OWID_ASI,1942,1306646043
Asia,OWID_ASI,1943,1313426824
Asia,OWID_ASI,1944,1319919244
Asia,OWID_ASI,1945,1326525660
Asia,OWID_ASI,1946,1333534094
Asia,OWID_ASI,1947,1341255487
Asia,OWID_ASI,1948,1349532425
Asia,OWID_ASI,1949,1362069888
Asia,OWID_ASI,1950,1367581793
Asia,OWID_ASI,1951,1394310207
Asia,OWID_ASI,1952,1423932566
Asia,OWID_ASI,1953,1455634309
Asia,OWID_ASI,1954,1488418592
Asia,OWID_ASI,1955,1523146415
Asia,OWID_ASI,1956,1558262821
Asia,OWID_ASI,1957,1594675233
Asia,OWID_ASI,1958,1631866795
Asia,OWID_ASI,1959,1664697447
Asia,OWID_ASI,1960,1691762696
Asia,OWID_ASI,1961,1718156557
Asia,OWID_ASI,1962,1753318905
Asia,OWID_ASI,1963,1799305125
Asia,OWID_ASI,1964,1847441778
Asia,OWID_ASI,1965,1894030104
Asia,OWID_ASI,1966,1940186408
Asia,OWID_ASI,1967,1986308215
Asia,OWID_ASI,1968,2034769710
Asia,OWID_ASI,1969,2085428639
Asia,OWID_ASI,1970,2136911807
Asia,OWID_ASI,1971,2187672732
Asia,OWID_ASI,1972,2237825630
Asia,OWID_ASI,1973,2288852583
Asia,OWID_ASI,1974,2339398095
Asia,OWID_ASI,1975,2388510805
Asia,OWID_ASI,1976,2436467535
Asia,OWID_ASI,1977,2484229185
Asia,OWID_ASI,1978,2531837746
Asia,OWID_ASI,1979,2580755587
Asia,OWID_ASI,1980,2631643580
Asia,OWID_ASI,1981,2683999130
Asia,OWID_ASI,1982,2738669570
Asia,OWID_ASI,1983,2794057018
Asia,OWID_ASI,1984,2849479886
Asia,OWID_ASI,1985,2906232641
Asia,OWID_ASI,1986,2964898217
Asia,OWID_ASI,1987,3025641753
Asia,OWID_ASI,1988,3086642989
Asia,OWID_ASI,1989,3147693773
Asia,OWID_ASI,1990,3209094423
Asia,OWID_ASI,1991,3268207608
Asia,OWID_ASI,1992,3324812378
Asia,OWID_ASI,1993,3380039932
Asia,OWID_ASI,1994,3433680236
Asia,OWID_ASI,1995,3486817949
Asia,OWID_ASI,1996,3539849816
Asia,OWID_ASI,1997,3592367920
Asia,OWID_ASI,1998,3644341780
Asia,OWID_ASI,1999,3695620583
Asia,OWID_ASI,2000,3746832777
Asia,OWID_ASI,2001,3797954107
Asia,OWID_ASI,2002,3847359674
Asia,OWID_ASI,2003,3895799439
Asia,OWID_ASI,2004,3944378395
Asia,OWID_ASI,2005,3992890580
Asia,OWID_ASI,2006,4041771416
Asia,OWID_ASI,2007,4090564345
Asia,OWID_ASI,2008,4139267468
Asia,OWID_ASI,2009,4188829464
Asia,OWID_ASI,2010,4238694946
Asia,OWID_ASI,2011,4288350005
Asia,OWID_ASI,2012,4338443538
Asia,OWID_ASI,2013,4387757369
Asia,OWID_ASI,2014,4435744576
Asia,OWID_ASI,2015,4482088489
Asia,OWID_ASI,2016,4527178153
Asia,OWID_ASI,2017,4571224645
Asia,OWID_ASI,2018,4612352852
Asia,OWID_ASI,2019,4651098724
Asia,OWID_ASI,2020,4686811214
Asia,OWID_ASI,2021,4716999164
Asia,OWID_ASI,2022,4746329727
Asia,OWID_ASI,2023,4776659631
Europe,OWID_EUR,-10000,481591
Europe,OWID_EUR,-9000,589393
Europe,OWID_EUR,-8000,730273
Europe,OWID_EUR,-7000,918733
Europe,OWID_EUR,-6000,1213808
Europe,OWID_EUR,-5000,1609853
Europe,OWID_EUR,-4000,2362475
Europe,OWID_EUR,-3000,3673248
Europe,OWID_EUR,-2000,7190463
Europe,OWID_EUR,-1000,13127987
Europe,OWID_EUR,0,32221408
Europe,OWID_EUR,100,33691904
Europe,OWID_EUR,200,35099404
Europe,OWID_EUR,300,33721328
Europe,OWID_EUR,400,32352328
Europe,OWID_EUR,500,28556432
Europe,OWID_EUR,600,24619002
Europe,OWID_EUR,700,26911954
Europe,OWID_EUR,800,29519746
Europe,OWID_EUR,900,32844658
Europe,OWID_EUR,1000,36341940
Europe,OWID_EUR,1100,44633640
Europe,OWID_EUR,1200,61861512
Europe,OWID_EUR,1300,83293064
Europe,OWID_EUR,1400,60722988
Europe,OWID_EUR,1500,78614656
Europe,OWID_EUR,1600,101501416
Europe,OWID_EUR,1700,115422248
Europe,OWID_EUR,1710,124736784
Europe,OWID_EUR,1720,132044792
Europe,OWID_EUR,1730,139577232
Europe,OWID_EUR,1740,147164768
Europe,OWID_EUR,1750,154836912
Europe,OWID_EUR,1760,162638448
Europe,OWID_EUR,1770,170541600
Europe,OWID_EUR,1780,178972864
Europe,OWID_EUR,1790,187924112
Europe,OWID_EUR,1800,192912782
Europe,OWID_EUR,1801,193750450
Europe,OWID_EUR,1802,194597012
Europe,OWID_EUR,1803,195452580
Europe,OWID_EUR,1804,196317275
Europe,OWID_EUR,1805,197191213
Europe,OWID_EUR,1806,198074515
Europe,OWID_EUR,1807,198967310
Europe,OWID_EUR,1808,199869712
Europe,OWID_EUR,1809,200781854
Europe,OWID_EUR,1810,202103753
Europe,OWID_EUR,1811,203456362
Europe,OWID_EUR,1812,204986209
Europe,OWID_EUR,1813,206703281
Europe,OWID_EUR,1814,208490897
Europe,OWID_EUR,1815,210352083
Europe,OWID_EUR,1816,212290043
Europe,OWID_EUR,1817,214308142
Europe,OWID_EUR,1818,216409937
Europe,OWID_EUR,1819,218468206
Europe,OWID_EUR,1820,220472989
Europe,OWID_EUR,1821,222417514
Europe,OWID_EUR,1822,224286664
Europe,OWID_EUR,1823,226068409
Europe,OWID_EUR,1824,227880949
Europe,OWID_EUR,1825,229728262
Europe,OWID_EUR,1826,231655276
Europe,OWID_EUR,1827,233614865
Europe,OWID_EUR,1828,235607368
Europe,OWID_EUR,1829,237592446
Europe,OWID_EUR,1830,239569645
Europe,OWID_EUR,1831,241497938
Europe,OWID_EUR,1832,243402872
Europe,OWID_EUR,1833,245283810
Europe,OWID_EUR,1834,247180790
Europe,OWID_EUR,1835,249093936
Europe,OWID_EUR,1836,251023413
Europe,OWID_EUR,1837,252969360
Europe,OWID_EUR,1838,254931922
Europe,OWID_EUR,1839,256848770
Europe,OWID_EUR,1840,258719247
Europe,OWID_EUR,1841,260546766
Europe,OWID_EUR,1842,262326646
Europe,OWID_EUR,1843,264058221
Europe,OWID_EUR,1844,265803302
Europe,OWID_EUR,1845,267562005
Europe,OWID_EUR,1846,269334442
Europe,OWID_EUR,1847,271120731
Europe,OWID_EUR,1848,272920981
Europe,OWID_EUR,1849,274744344
Europe,OWID_EUR,1850,276591094
Europe,OWID_EUR,1851,278448109
Europe,OWID_EUR,1852,280328983
Europe,OWID_EUR,1853,282233994
Europe,OWID_EUR,1854,284154408
Europe,OWID_EUR,1855,286090371
Europe,OWID_EUR,1856,288042015
Europe,OWID_EUR,1857,290009483
Europe,OWID_EUR,1858,291992923
Europe,OWID_EUR,1859,294017875
Europe,OWID_EUR,1860,296084867
Europe,OWID_EUR,1861,298188754
Europe,OWID_EUR,1862,300335672
Europe,OWID_EUR,1863,302526157
Europe,OWID_EUR,1864,304735322
Europe,OWID_EUR,1865,306963336
Europe,OWID_EUR,1866,309210382
Europe,OWID_EUR,1867,311476615
Europe,OWID_EUR,1868,313762238
Europe,OWID_EUR,1869,316101748
Europe,OWID_EUR,1870,318496223
Europe,OWID_EUR,1871,320895564
Europe,OWID_EUR,1872,323407827
Europe,OWID_EUR,1873,325978445
Europe,OWID_EUR,1874,328574180
Europe,OWID_EUR,1875,331195305
Europe,OWID_EUR,1876,333842087
Europe,OWID_EUR,1877,336514804
Europe,OWID_EUR,1878,339213731
Europe,OWID_EUR,1879,341933309
Europe,OWID_EUR,1880,344673453
Europe,OWID_EUR,1881,347431911
Europe,OWID_EUR,1882,350210746
Europe,OWID_EUR,1883,353009867
Europe,OWID_EUR,1884,355835126
Europe,OWID_EUR,1885,358686783
Europe,OWID_EUR,1886,361565119
Europe,OWID_EUR,1887,364470406
Europe,OWID_EUR,1888,367402912
Europe,OWID_EUR,1889,370377917
Europe,OWID_EUR,1890,373396202
Europe,OWID_EUR,1891,376467366
Europe,OWID_EUR,1892,379583540
Europe,OWID_EUR,1893,382745540
Europe,OWID_EUR,1894,385939052
Europe,OWID_EUR,1895,389164415
Europe,OWID_EUR,1896,392421980
Europe,OWID_EUR,1897,395712098
Europe,OWID_EUR,1898,399035122
Europe,OWID_EUR,1899,402422387
Europe,OWID_EUR,1900,405874841
Europe,OWID_EUR,1901,409398987
Europe,OWID_EUR,1902,412988802
Europe,OWID_EUR,1903,416646271
Europe,OWID_EUR,1904,420341408
Europe,OWID_EUR,1905,424074645
Europe,OWID_EUR,1906,427845429
Europe,OWID_EUR,1907,431657194
Europe,OWID_EUR,1908,435507397
Europe,OWID_EUR,1909,438821305
Europe,OWID_EUR,1910,441597178
Europe,OWID_EUR,1911,443794845
Europe,OWID_EUR,1912,445470705
Europe,OWID_EUR,1913,446604755
Europe,OWID_EUR,1914,447762304
Europe,OWID_EUR,1915,448886334
Europe,OWID_EUR,1916,449968840
Europe,OWID_EUR,1917,451046822
Europe,OWID_EUR,1918,452130279
Europe,OWID_EUR,1919,453717155
Europe,OWID_EUR,1920,455905600
Europe,OWID_EUR,1921,458527868
Europe,OWID_EUR,1922,461705219
Europe,OWID_EUR,1923,465327032
Europe,OWID_EUR,1924,468981053
Europe,OWID_EUR,1925,472684702
Europe,OWID_EUR,1926,476407402
Europe,OWID_EUR,1927,480148599
Europe,OWID_EUR,1928,483928725
Europe,OWID_EUR,1929,487657013
Europe,OWID_EUR,1930,491337000
Europe,OWID_EUR,1931,494970217
Europe,OWID_EUR,1932,498545108
Europe,OWID_EUR,1933,502059107
Europe,OWID_EUR,1934,505598856
Europe,OWID_EUR,1935,509162668
Europe,OWID_EUR,1936,512751864
Europe,OWID_EUR,1937,516369757
Europe,OWID_EUR,1938,519992677
Europe,OWID_EUR,1939,523576813
Europe,OWID_EUR,1940,526706729
Europe,OWID_EUR,1941,529472974
Europe,OWID_EUR,1942,531916941
Europe,OWID_EUR,1943,534139002
Europe,OWID_EUR,1944,536489647
Europe,OWID_EUR,1945,538385925
Europe,OWID_EUR,1946,539563909
Europe,OWID_EUR,1947,541189671
Europe,OWID_EUR,1948,543672662
Europe,OWID_EUR,1949,546614350
Europe,OWID_EUR,1950,549374181
Europe,OWID_EUR,1951,554348783
Europe,OWID_EUR,1952,559311644
Europe,OWID_EUR,1953,564673451
Europe,OWID_EUR,1954,570282363
Europe,OWID_EUR,1955,575990558
Europe,OWID_EUR,1956,581712529
Europe,OWID_EUR,1957,587753658
Europe,OWID_EUR,1958,594196448
Europe,OWID_EUR,1959,600407992
Europe,OWID_EUR,1960,606417128
Europe,OWID_EUR,1961,612470905
Europe,OWID_EUR,1962,618430819
Europe,OWID_EUR,1963,624213769
Europe,OWID_EUR,1964,629781124
Europe,OWID_EUR,1965,635044327
Europe,OWID_EUR,1966,640050494
Europe,OWID_EUR,1967,644746163
Europe,OWID_EUR,1968,649263031
Europe,OWID_EUR,1969,653794042
Europe,OWID_EUR,1970,657660067
Europe,OWID_EUR,1971,661624408
Europe,OWID_EUR,1972,666196726
Europe,OWID_EUR,1973,670479946
Europe,OWID_EUR,1974,674419030
Europe,OWID_EUR,1975,677953491
Europe,OWID_EUR,1976,681333404
Europe,OWID_EUR,1977,684781638
Europe,OWID_EUR,1978,688120618
Europe,OWID_EUR,1979,691438258
Europe,OWID_EUR,1980,694976561
Europe,OWID_EUR,1981,698297493
Europe,OWID_EUR,1982,701163007
Europe,OWID_EUR,1983,704000872
Europe,OWID_EUR,1984,706845163
Europe,OWID_EUR,1985,709686996
Europe,OWID_EUR,1986,712751187
Europe,OWID_EUR,1987,715938696
Europe,OWID_EUR,1988,719157222
Europe,OWID_EUR,1989,722217653
Europe,OWID_EUR,1990,724943715
Europe,OWID_EUR,1991,727298534
Europe,OWID_EUR,1992,728443297
Europe,OWID_EUR,1993,728848398
Europe,OWID_EUR,1994,729745970
Europe,OWID_EUR,1995,730260103
Europe,OWID_EUR,1996,730267162
Europe,OWID_EUR,1997,730339959
Europe,OWID_EUR,1998,729796180
Europe,OWID_EUR,1999,729166727
Europe,OWID_EUR,2000,729129967
Europe,OWID_EUR,2001,729220001
Europe,OWID_EUR,2002,730126161
Europe,OWID_EUR,2003,731394229
Europe,OWID_EUR,2004,732282324
Europe,OWID_EUR,2005,733101021
Europe,OWID_EUR,2006,733756870
Europe,OWID_EUR,2007,734987444
Europe,OWID_EUR,2008,736658822
Europe,OWID_EUR,2009,738063440
Europe,OWID_EUR,2010,739291483
Europe,OWID_EUR,2011,740524016
Europe,OWID_EUR,2012,741642607
Europe,OWID_EUR,2013,742672989
Europe,OWID_EUR,2014,743860819
Europe,OWID_EUR,2015,745474876
Europe,OWID_EUR,2016,747258527
Europe,OWID_EUR,2017,748701837
Europe,OWID_EUR,2018,749853945
Europe,OWID_EUR,2019,750809114
Europe,OWID_EUR,2020,750844584
Europe,OWID_EUR,2021,749949128
Europe,OWID_EUR,2022,748314268
Europe,OWID_EUR,2023,746966209
North America,OWID_NAM,-10000,1184755
North America,OWID_NAM,-9000,1429989
North America,OWID_NAM,-8000,1731102
North America,OWID_NAM,-7000,2101578
North America,OWID_NAM,-6000,2558294
North America,OWID_NAM,-5000,3122403
North America,OWID_NAM,-4000,3820490
North America,OWID_NAM,-3000,4686073
North America,OWID_NAM,-2000,5761597
North America,OWID_NAM,-1000,7101145
North America,OWID_NAM,0,8774224
North America,OWID_NAM,100,9271780
North America,OWID_NAM,200,9800476
North America,OWID_NAM,300,10362821
North America,OWID_NAM,400,10961662
North America,OWID_NAM,500,11600265
North America,OWID_NAM,600,12282431
North America,OWID_NAM,700,13012655
North America,OWID_NAM,800,13796389
North America,OWID_NAM,900,15956907
North America,OWID_NAM,1000,18008338
North America,OWID_NAM,1100,20257400
North America,OWID_NAM,1200,22629298
North America,OWID_NAM,1300,25070078
North America,OWID_NAM,1400,27685150
North America,OWID_NAM,1500,30472692
North America,OWID_NAM,1600,3834259
North America,OWID_NAM,1700,6791309
North America,OWID_NAM,1710,7672339
North America,OWID_NAM,1720,8575310
North America,OWID_NAM,1730,9499717
North America,OWID_NAM,1740,10449781
North America,OWID_NAM,1750,11430595
North America,OWID_NAM,1760,12448471
North America,OWID_NAM,1770,13511203
North America,OWID_NAM,1780,14642050
North America,OWID_NAM,1790,15835615
North America,OWID_NAM,1800,14838618
North America,OWID_NAM,1801,15067685
North America,OWID_NAM,1802,15302563
North America,OWID_NAM,1803,15543433
North America,OWID_NAM,1804,15790477
North America,OWID_NAM,1805,16043894
North America,OWID_NAM,1806,16303900
North America,OWID_NAM,1807,16570718
North America,OWID_NAM,1808,16844590
North America,OWID_NAM,1809,17125777
North America,OWID_NAM,1810,17467174
North America,OWID_NAM,1811,17807168
North America,OWID_NAM,1812,18170645
North America,OWID_NAM,1813,18557972
North America,OWID_NAM,1814,18955805
North America,OWID_NAM,1815,19364459
North America,OWID_NAM,1816,19784263
North America,OWID_NAM,1817,20215550
North America,OWID_NAM,1818,20658668
North America,OWID_NAM,1819,21090464
North America,OWID_NAM,1820,21510934
North America,OWID_NAM,1821,21914615
North America,OWID_NAM,1822,22306934
North America,OWID_NAM,1823,22690399
North America,OWID_NAM,1824,23086083
North America,OWID_NAM,1825,23494377
North America,OWID_NAM,1826,23915695
North America,OWID_NAM,1827,24350457
North America,OWID_NAM,1828,24799113
North America,OWID_NAM,1829,25266638
North America,OWID_NAM,1830,25752984
North America,OWID_NAM,1831,26258100
North America,OWID_NAM,1832,26781880
North America,OWID_NAM,1833,27324243
North America,OWID_NAM,1834,27879610
North America,OWID_NAM,1835,28450522
North America,OWID_NAM,1836,29036165
North America,OWID_NAM,1837,29636955
North America,OWID_NAM,1838,30253319
North America,OWID_NAM,1839,30898340
North America,OWID_NAM,1840,31573090
North America,OWID_NAM,1841,32282594
North America,OWID_NAM,1842,33024083
North America,OWID_NAM,1843,33798746
North America,OWID_NAM,1844,34595094
North America,OWID_NAM,1845,35413870
North America,OWID_NAM,1846,36255770
North America,OWID_NAM,1847,37121492
North America,OWID_NAM,1848,38011781
North America,OWID_NAM,1849,38929911
North America,OWID_NAM,1850,39876476
North America,OWID_NAM,1851,40842039
North America,OWID_NAM,1852,41836553
North America,OWID_NAM,1853,42860618
North America,OWID_NAM,1854,43912313
North America,OWID_NAM,1855,44992434
North America,OWID_NAM,1856,46101792
North America,OWID_NAM,1857,47241225
North America,OWID_NAM,1858,48411600
North America,OWID_NAM,1859,49534842
North America,OWID_NAM,1860,50608685
North America,OWID_NAM,1861,51632329
North America,OWID_NAM,1862,52601660
North America,OWID_NAM,1863,53514246
North America,OWID_NAM,1864,54446273
North America,OWID_NAM,1865,55398175
North America,OWID_NAM,1866,56370397
North America,OWID_NAM,1867,57363403
North America,OWID_NAM,1868,58377653
North America,OWID_NAM,1869,59427577
North America,OWID_NAM,1870,60513811
North America,OWID_NAM,1871,61637547
North America,OWID_NAM,1872,62798952
North America,OWID_NAM,1873,63998628
North America,OWID_NAM,1874,65223307
North America,OWID_NAM,1875,66473510
North America,OWID_NAM,1876,67749780
North America,OWID_NAM,1877,69052658
North America,OWID_NAM,1878,70382706
North America,OWID_NAM,1879,71736945
North America,OWID_NAM,1880,73115785
North America,OWID_NAM,1881,74519516
North America,OWID_NAM,1882,75948682
North America,OWID_NAM,1883,77403760
North America,OWID_NAM,1884,78888752
North America,OWID_NAM,1885,80404307
North America,OWID_NAM,1886,81951120
North America,OWID_NAM,1887,83529830
North America,OWID_NAM,1888,85141128
North America,OWID_NAM,1889,86734345
North America,OWID_NAM,1890,88308229
North America,OWID_NAM,1891,89862886
North America,OWID_NAM,1892,91395915
North America,OWID_NAM,1893,92905581
North America,OWID_NAM,1894,94441763
North America,OWID_NAM,1895,96004933
North America,OWID_NAM,1896,97595577
North America,OWID_NAM,1897,99214186
North America,OWID_NAM,1898,100861272
North America,OWID_NAM,1899,102568489
North America,OWID_NAM,1900,104337584
North America,OWID_NAM,1901,106181070
North America,OWID_NAM,1902,108089905
North America,OWID_NAM,1903,110066137
North America,OWID_NAM,1904,112080524
North America,OWID_NAM,1905,114133852
North America,OWID_NAM,1906,116226903
North America,OWID_NAM,1907,118360491
North America,OWID_NAM,1908,120535439
North America,OWID_NAM,1909,122613680
North America,OWID_NAM,1910,124592192
North America,OWID_NAM,1911,126466166
North America,OWID_NAM,1912,128233899
North America,OWID_NAM,1913,129892337
North America,OWID_NAM,1914,131576755
North America,OWID_NAM,1915,133287590
North America,OWID_NAM,1916,135025298
North America,OWID_NAM,1917,136790334
North America,OWID_NAM,1918,138627827
North America,OWID_NAM,1919,140539522
North America,OWID_NAM,1920,142526443
North America,OWID_NAM,1921,144590318
North America,OWID_NAM,1922,146732394
North America,OWID_NAM,1923,148952849
North America,OWID_NAM,1924,151207885
North America,OWID_NAM,1925,153498078
North America,OWID_NAM,1926,155824012
North America,OWID_NAM,1927,158186296
North America,OWID_NAM,1928,160585523
North America,OWID_NAM,1929,162832831
North America,OWID_NAM,1930,164924575
North America,OWID_NAM,1931,166858221
North America,OWID_NAM,1932,168628343
North America,OWID_NAM,1933,170231505
North America,OWID_NAM,1934,171853242
North America,OWID_NAM,1935,173493832
North America,OWID_NAM,1936,175153555
North America,OWID_NAM,1937,176832698
North America,OWID_NAM,1938,178531557
North America,OWID_NAM,1939,180525436
North America,OWID_NAM,1940,182823179
North America,OWID_NAM,1941,185449049
North America,OWID_NAM,1942,188396632
North America,OWID_NAM,1943,191675323
North America,OWID_NAM,1944,195019763
North America,OWID_NAM,1945,198431553
North America,OWID_NAM,1946,201912308
North America,OWID_NAM,1947,205463865
North America,OWID_NAM,1948,209087777
North America,OWID_NAM,1949,212901535
North America,OWID_NAM,1950,222818942
North America,OWID_NAM,1951,226777853
North America,OWID_NAM,1952,230880347
North America,OWID_NAM,1953,235114817
North America,OWID_NAM,1954,239512127
North America,OWID_NAM,1955,244056556
North America,OWID_NAM,1956,248743632
North America,OWID_NAM,1957,253588808
North America,OWID_NAM,1958,258514843
North America,OWID_NAM,1959,263669394
North America,OWID_NAM,1960,269079991
North America,OWID_NAM,1961,274663001
North America,OWID_NAM,1962,280344711
North America,OWID_NAM,1963,285962471
North America,OWID_NAM,1964,291551215
North America,OWID_NAM,1965,297056448
North America,OWID_NAM,1966,302406133
North America,OWID_NAM,1967,307620058
North America,OWID_NAM,1968,312721535
North America,OWID_NAM,1969,317807457
North America,OWID_NAM,1970,323225990
North America,OWID_NAM,1971,328861435
North America,OWID_NAM,1972,334187766
North America,OWID_NAM,1973,339231488
North America,OWID_NAM,1974,344226868
North America,OWID_NAM,1975,349224556
North America,OWID_NAM,1976,354178873
North America,OWID_NAM,1977,359152730
North America,OWID_NAM,1978,364168545
North America,OWID_NAM,1979,369229445
North America,OWID_NAM,1980,374396450
North America,OWID_NAM,1981,379564365
North America,OWID_NAM,1982,384744475
North America,OWID_NAM,1983,389995274
North America,OWID_NAM,1984,395240041
North America,OWID_NAM,1985,400471527
North America,OWID_NAM,1986,405669376
North America,OWID_NAM,1987,410877360
North America,OWID_NAM,1988,416201801
North America,OWID_NAM,1989,421643657
North America,OWID_NAM,1990,427527970
North America,OWID_NAM,1991,433792318
North America,OWID_NAM,1992,440060892
North America,OWID_NAM,1993,446185596
North America,OWID_NAM,1994,452083583
North America,OWID_NAM,1995,457858573
North America,OWID_NAM,1996,463530247
North America,OWID_NAM,1997,469106576
North America,OWID_NAM,1998,474677559
North America,OWID_NAM,1999,480238641
North America,OWID_NAM,2000,485805117
North America,OWID_NAM,2001,491432309
North America,OWID_NAM,2002,497028245
North America,OWID_NAM,2003,502587589
North America,OWID_NAM,2004,508166874
North America,OWID_NAM,2005,513798980
North America,OWID_NAM,2006,519545243
North America,OWID_NAM,2007,525495121
North America,OWID_NAM,2008,531570001
North America,OWID_NAM,2009,537617447
North America,OWID_NAM,2010,543593308
North America,OWID_NAM,2011,549552428
North America,OWID_NAM,2012,555486393
North America,OWID_NAM,2013,561345659
North America,OWID_NAM,2014,567078666
North America,OWID_NAM,2015,572637322
North America,OWID_NAM,2016,578186332
North America,OWID_NAM,2017,583669319
North America,OWID_NAM,2018,589049569
North America,OWID_NAM,2019,594346844
North America,OWID_NAM,2020,598250669
North America,OWID_NAM,2021,600876349
North America,OWID_NAM,2022,604356255
North America,OWID_NAM,2023,608770547
Oceania,OWID_OCE,-10000,324198
Oceania,OWID_OCE,-9000,329049
Oceania,OWID_OCE,-8000,336328
Oceania,OWID_OCE,-7000,347249
Oceania,OWID_OCE,-6000,363637
Oceania,OWID_OCE,-5000,388233
Oceania,OWID_OCE,-4000,425154
Oceania,OWID_OCE,-3000,480593
Oceania,OWID_OCE,-2000,563863
Oceania,OWID_OCE,-1000,698260
Oceania,OWID_OCE,0,888568
Oceania,OWID_OCE,100,916818
Oceania,OWID_OCE,200,946521
Oceania,OWID_OCE,300,977761
Oceania,OWID_OCE,400,1010629
Oceania,OWID_OCE,500,1045226
Oceania,OWID_OCE,600,1081664
Oceania,OWID_OCE,700,1120066
Oceania,OWID_OCE,800,1160576
Oceania,OWID_OCE,900,1203361
Oceania,OWID_OCE,1000,1248621
Oceania,OWID_OCE,1100,1296604
Oceania,OWID_OCE,1200,1363624
Oceania,OWID_OCE,1300,1422863
Oceania,OWID_OCE,1400,1482524
Oceania,OWID_OCE,1500,1607577
Oceania,OWID_OCE,1600,1739404
Oceania,OWID_OCE,1700,1873995
Oceania,OWID_OCE,1710,1873168
Oceania,OWID_OCE,1720,1883302
Oceania,OWID_OCE,1730,1894083
Oceania,OWID_OCE,1740,1905593
Oceania,OWID_OCE,1750,1917932
Oceania,OWID_OCE,1760,1931220
Oceania,OWID_OCE,1770,1945771
Oceania,OWID_OCE,1780,1961847
Oceania,OWID_OCE,1790,1980465
Oceania,OWID_OCE,1800,1620686
Oceania,OWID_OCE,1801,1620148
Oceania,OWID_OCE,1802,1619978
Oceania,OWID_OCE,1803,1620170
Oceania,OWID_OCE,1804,1620722
Oceania,OWID_OCE,1805,1621628
Oceania,OWID_OCE,1806,1622888
Oceania,OWID_OCE,1807,1624496
Oceania,OWID_OCE,1808,1626451
Oceania,OWID_OCE,1809,1628749
Oceania,OWID_OCE,1810,1631728
Oceania,OWID_OCE,1811,1634728
Oceania,OWID_OCE,1812,1638069
Oceania,OWID_OCE,1813,1641750
Oceania,OWID_OCE,1814,1645765
Oceania,OWID_OCE,1815,1650119
Oceania,OWID_OCE,1816,1654809
Oceania,OWID_OCE,1817,1659834
Oceania,OWID_OCE,1818,1665199
Oceania,OWID_OCE,1819,1670067
Oceania,OWID_OCE,1820,1674378
Oceania,OWID_OCE,1821,1678146
Oceania,OWID_OCE,1822,1681224
Oceania,OWID_OCE,1823,1683547
Oceania,OWID_OCE,1824,1685889
Oceania,OWID_OCE,1825,1688242
Oceania,OWID_OCE,1826,1690614
Oceania,OWID_OCE,1827,1693000
Oceania,OWID_OCE,1828,1695401
Oceania,OWID_OCE,1829,1698807
Oceania,OWID_OCE,1830,1703281
Oceania,OWID_OCE,1831,1708906
Oceania,OWID_OCE,1832,1715728
Oceania,OWID_OCE,1833,1723811
Oceania,OWID_OCE,1834,1732231
Oceania,OWID_OCE,1835,1740990
Oceania,OWID_OCE,1836,1750087
Oceania,OWID_OCE,1837,1759527
Oceania,OWID_OCE,1838,1769312
Oceania,OWID_OCE,1839,1781254
Oceania,OWID_OCE,1840,1795408
Oceania,OWID_OCE,1841,1811863
Oceania,OWID_OCE,1842,1830664
Oceania,OWID_OCE,1843,1851890
Oceania,OWID_OCE,1844,1872994
Oceania,OWID_OCE,1845,1894811
Oceania,OWID_OCE,1846,1917374
Oceania,OWID_OCE,1847,1940704
Oceania,OWID_OCE,1848,1964827
Oceania,OWID_OCE,1849,1995335
Oceania,OWID_OCE,1850,2032905
Oceania,OWID_OCE,1851,2078499
Oceania,OWID_OCE,1852,2132695
Oceania,OWID_OCE,1853,2196375
Oceania,OWID_OCE,1854,2264940
Oceania,OWID_OCE,1855,2338786
Oceania,OWID_OCE,1856,2418328
Oceania,OWID_OCE,1857,2504022
Oceania,OWID_OCE,1858,2596365
Oceania,OWID_OCE,1859,2683252
Oceania,OWID_OCE,1860,2763879
Oceania,OWID_OCE,1861,2837295
Oceania,OWID_OCE,1862,2902597
Oceania,OWID_OCE,1863,2958725
Oceania,OWID_OCE,1864,3017142
Oceania,OWID_OCE,1865,3077969
Oceania,OWID_OCE,1866,3141338
Oceania,OWID_OCE,1867,3207387
Oceania,OWID_OCE,1868,3276265
Oceania,OWID_OCE,1869,3343985
Oceania,OWID_OCE,1870,3410382
Oceania,OWID_OCE,1871,3475303
Oceania,OWID_OCE,1872,3538541
Oceania,OWID_OCE,1873,3599899
Oceania,OWID_OCE,1874,3663296
Oceania,OWID_OCE,1875,3728819
Oceania,OWID_OCE,1876,3796562
Oceania,OWID_OCE,1877,3866624
Oceania,OWID_OCE,1878,3939110
Oceania,OWID_OCE,1879,4016421
Oceania,OWID_OCE,1880,4098707
Oceania,OWID_OCE,1881,4186123
Oceania,OWID_OCE,1882,4278795
Oceania,OWID_OCE,1883,4376868
Oceania,OWID_OCE,1884,4478189
Oceania,OWID_OCE,1885,4582869
Oceania,OWID_OCE,1886,4691019
Oceania,OWID_OCE,1887,4802758
Oceania,OWID_OCE,1888,4918203
Oceania,OWID_OCE,1889,5026696
Oceania,OWID_OCE,1890,5127791
Oceania,OWID_OCE,1891,5221040
Oceania,OWID_OCE,1892,5305943
Oceania,OWID_OCE,1893,5381997
Oceania,OWID_OCE,1894,5459450
Oceania,OWID_OCE,1895,5538331
Oceania,OWID_OCE,1896,5618663
Oceania,OWID_OCE,1897,5700474
Oceania,OWID_OCE,1898,5783794
Oceania,OWID_OCE,1899,5868138
Oceania,OWID_OCE,1900,5953511
Oceania,OWID_OCE,1901,6041407
Oceania,OWID_OCE,1902,6130264
Oceania,OWID_OCE,1903,6220673
Oceania,OWID_OCE,1904,6312680
Oceania,OWID_OCE,1905,6406320
Oceania,OWID_OCE,1906,6501615
Oceania,OWID_OCE,1907,6598575
Oceania,OWID_OCE,1908,6697260
Oceania,OWID_OCE,1909,6790941
Oceania,OWID_OCE,1910,6880041
Oceania,OWID_OCE,1911,6964984
Oceania,OWID_OCE,1912,7046151
Oceania,OWID_OCE,1913,7123955
Oceania,OWID_OCE,1914,7205616
Oceania,OWID_OCE,1915,7291095
Oceania,OWID_OCE,1916,7380375
Oceania,OWID_OCE,1917,7473552
Oceania,OWID_OCE,1918,7570522
Oceania,OWID_OCE,1919,7675551
Oceania,OWID_OCE,1920,7788438
Oceania,OWID_OCE,1921,7909326
Oceania,OWID_OCE,1922,8037669
Oceania,OWID_OCE,1923,8173333
Oceania,OWID_OCE,1924,8311980
Oceania,OWID_OCE,1925,8453646
Oceania,OWID_OCE,1926,8598375
Oceania,OWID_OCE,1927,8746877
Oceania,OWID_OCE,1928,8898531
Oceania,OWID_OCE,1929,9040916
Oceania,OWID_OCE,1930,9174006
Oceania,OWID_OCE,1931,9297611
Oceania,OWID_OCE,1932,9411863
Oceania,OWID_OCE,1933,9516731
Oceania,OWID_OCE,1934,9624651
Oceania,OWID_OCE,1935,9735670
Oceania,OWID_OCE,1936,9849842
Oceania,OWID_OCE,1937,9967558
Oceania,OWID_OCE,1938,10088561
Oceania,OWID_OCE,1939,10225158
Oceania,OWID_OCE,1940,10377714
Oceania,OWID_OCE,1941,10550497
Oceania,OWID_OCE,1942,10740030
Oceania,OWID_OCE,1943,10946716
Oceania,OWID_OCE,1944,11158769
Oceania,OWID_OCE,1945,11376348
Oceania,OWID_OCE,1946,11599543
Oceania,OWID_OCE,1947,11829855
Oceania,OWID_OCE,1948,12066236
Oceania,OWID_OCE,1949,12315375
Oceania,OWID_OCE,1950,12582453
Oceania,OWID_OCE,1951,12915446
Oceania,OWID_OCE,1952,13229396
Oceania,OWID_OCE,1953,13527446
Oceania,OWID_OCE,1954,13824685
Oceania,OWID_OCE,1955,14145499
Oceania,OWID_OCE,1956,14484837
Oceania,OWID_OCE,1957,14825605
Oceania,OWID_OCE,1958,15166229
Oceania,OWID_OCE,1959,15510259
Oceania,OWID_OCE,1960,15862697
Oceania,OWID_OCE,1961,16216895
Oceania,OWID_OCE,1962,16560976
Oceania,OWID_OCE,1963,16904641
Oceania,OWID_OCE,1964,17254690
Oceania,OWID_OCE,1965,17617233
Oceania,OWID_OCE,1966,17986091
Oceania,OWID_OCE,1967,18332240
Oceania,OWID_OCE,1968,18670233
Oceania,OWID_OCE,1969,19033793
Oceania,OWID_OCE,1970,19494215
Oceania,OWID_OCE,1971,20036088
Oceania,OWID_OCE,1972,20494156
Oceania,OWID_OCE,1973,20866225
Oceania,OWID_OCE,1974,21228268
Oceania,OWID_OCE,1975,21555937
Oceania,OWID_OCE,1976,21842502
Oceania,OWID_OCE,1977,22114617
Oceania,OWID_OCE,1978,22383486
Oceania,OWID_OCE,1979,22653748
Oceania,OWID_OCE,1980,22954484
Oceania,OWID_OCE,1981,23307534
Oceania,OWID_OCE,1982,23690693
Oceania,OWID_OCE,1983,24064499
Oceania,OWID_OCE,1984,24421103
Oceania,OWID_OCE,1985,24777609
Oceania,OWID_OCE,1986,25149869
Oceania,OWID_OCE,1987,25544592
Oceania,OWID_OCE,1988,25956460
Oceania,OWID_OCE,1989,26377044
Oceania,OWID_OCE,1990,26839397
Oceania,OWID_OCE,1991,27315331
Oceania,OWID_OCE,1992,27746651
Oceania,OWID_OCE,1993,28154388
Oceania,OWID_OCE,1994,28573089
Oceania,OWID_OCE,1995,29025267
Oceania,OWID_OCE,1996,29498702
Oceania,OWID_OCE,1997,29964609
Oceania,OWID_OCE,1998,30420070
Oceania,OWID_OCE,1999,30880117
Oceania,OWID_OCE,2000,31352968
Oceania,OWID_OCE,2001,31847232
Oceania,OWID_OCE,2002,32366021
Oceania,OWID_OCE,2003,32894563
Oceania,OWID_OCE,2004,33419063
Oceania,OWID_OCE,2005,33956165
Oceania,OWID_OCE,2006,34540362
Oceania,OWID_OCE,2007,35190049
Oceania,OWID_OCE,2008,35890355
Oceania,OWID_OCE,2009,36593549
Oceania,OWID_OCE,2010,37254088
Oceania,OWID_OCE,2011,37890098
Oceania,OWID_OCE,2012,38550537
Oceania,OWID_OCE,2013,39233938
Oceania,OWID_OCE,2014,39918746
Oceania,OWID_OCE,2015,40615015
Oceania,OWID_OCE,2016,41347231
Oceania,OWID_OCE,2017,42093989
Oceania,OWID_OCE,2018,42815501
Oceania,OWID_OCE,2019,43504534
Oceania,OWID_OCE,2020,44079305
Oceania,OWID_OCE,2021,44558542
Oceania,OWID_OCE,2022,45049680
Oceania,OWID_OCE,2023,45563135
South America,OWID_SAM,-10000,1097849
South America,OWID_SAM,-9000,1340455
South America,OWID_SAM,-8000,1645189
South America,OWID_SAM,-7000,2029135
South America,OWID_SAM,-6000,2514295
South America,OWID_SAM,-5000,3129050
South America,OWID_SAM,-4000,3910061
South America,OWID_SAM,-3000,4904763
South America,OWID_SAM,-2000,6174712
South America,OWID_SAM,-1000,7846103
South America,OWID_SAM,0,10025976
South America,OWID_SAM,100,10716707
South America,OWID_SAM,200,11455041
South America,OWID_SAM,300,12244478
South America,OWID_SAM,400,13088810
South America,OWID_SAM,500,13992162
South America,OWID_SAM,600,14959023
South America,OWID_SAM,700,15994295
South America,OWID_SAM,800,17103348
South America,OWID_SAM,900,17953232
South America,OWID_SAM,1000,18808200
South America,OWID_SAM,1100,20766064
South America,OWID_SAM,1200,22724192
South America,OWID_SAM,1300,24687614
South America,OWID_SAM,1400,26651362
South America,OWID_SAM,1500,29863142
South America,OWID_SAM,1600,6380525
South America,OWID_SAM,1700,5901817
South America,OWID_SAM,1710,6080047
South America,OWID_SAM,1720,6275962
South America,OWID_SAM,1730,6493351
South America,OWID_SAM,1740,6736931
South America,OWID_SAM,1750,7012592
South America,OWID_SAM,1760,7327694
South America,OWID_SAM,1770,7691450
South America,OWID_SAM,1780,8115406
South America,OWID_SAM,1790,8614054
South America,OWID_SAM,1800,9277957
South America,OWID_SAM,1801,9317480
South America,OWID_SAM,1802,9360610
South America,OWID_SAM,1803,9407381
South America,OWID_SAM,1804,9457827
South America,OWID_SAM,1805,9511985
South America,OWID_SAM,1806,9569900
South America,OWID_SAM,1807,9631616
South America,OWID_SAM,1808,9697180
South America,OWID_SAM,1809,9766647
South America,OWID_SAM,1810,9862588
South America,OWID_SAM,1811,9958485
South America,OWID_SAM,1812,10064501
South America,OWID_SAM,1813,10180660
South America,OWID_SAM,1814,10300810
South America,OWID_SAM,1815,10425044
South America,OWID_SAM,1816,10553464
South America,OWID_SAM,1817,10686171
South America,OWID_SAM,1818,10823273
South America,OWID_SAM,1819,10970443
South America,OWID_SAM,1820,11127614
South America,OWID_SAM,1821,11294718
South America,OWID_SAM,1822,11471673
South America,OWID_SAM,1823,11658400
South America,OWID_SAM,1824,11849246
South America,OWID_SAM,1825,12044305
South America,OWID_SAM,1826,12243678
South America,OWID_SAM,1827,12447466
South America,OWID_SAM,1828,12655769
South America,OWID_SAM,1829,12875055
South America,OWID_SAM,1830,13105768
South America,OWID_SAM,1831,13348394
South America,OWID_SAM,1832,13603420
South America,OWID_SAM,1833,13871366
South America,OWID_SAM,1834,14146414
South America,OWID_SAM,1835,14428797
South America,OWID_SAM,1836,14718743
South America,OWID_SAM,1837,15016504
South America,OWID_SAM,1838,15322329
South America,OWID_SAM,1839,15631013
South America,OWID_SAM,1840,15942666
South America,OWID_SAM,1841,16257411
South America,OWID_SAM,1842,16575367
South America,OWID_SAM,1843,16896665
South America,OWID_SAM,1844,17226919
South America,OWID_SAM,1845,17566445
South America,OWID_SAM,1846,17915580
South America,OWID_SAM,1847,18274667
South America,OWID_SAM,1848,18644066
South America,OWID_SAM,1849,18973167
South America,OWID_SAM,1850,19261504
South America,OWID_SAM,1851,19515726
South America,OWID_SAM,1852,19728226
South America,OWID_SAM,1853,19898328
South America,OWID_SAM,1854,20076281
South America,OWID_SAM,1855,20262109
South America,OWID_SAM,1856,20455846
South America,OWID_SAM,1857,20657524
South America,OWID_SAM,1858,20867195
South America,OWID_SAM,1859,21084967
South America,OWID_SAM,1860,21310302
South America,OWID_SAM,1861,21542667
South America,OWID_SAM,1862,21781540
South America,OWID_SAM,1863,22026397
South America,OWID_SAM,1864,22276696
South America,OWID_SAM,1865,22532555
South America,OWID_SAM,1866,22794079
South America,OWID_SAM,1867,23061391
South America,OWID_SAM,1868,23334617
South America,OWID_SAM,1869,23625455
South America,OWID_SAM,1870,23934719
South America,OWID_SAM,1871,24263242
South America,OWID_SAM,1872,24611834
South America,OWID_SAM,1873,24981309
South America,OWID_SAM,1874,25360978
South America,OWID_SAM,1875,25750976
South America,OWID_SAM,1876,26151439
South America,OWID_SAM,1877,26562511
South America,OWID_SAM,1878,26984342
South America,OWID_SAM,1879,27434075
South America,OWID_SAM,1880,27912182
South America,OWID_SAM,1881,28419221
South America,OWID_SAM,1882,28955780
South America,OWID_SAM,1883,29522539
South America,OWID_SAM,1884,30103175
South America,OWID_SAM,1885,30698196
South America,OWID_SAM,1886,31308164
South America,OWID_SAM,1887,31933652
South America,OWID_SAM,1888,32575283
South America,OWID_SAM,1889,33227633
South America,OWID_SAM,1890,33890958
South America,OWID_SAM,1891,34565468
South America,OWID_SAM,1892,35251291
South America,OWID_SAM,1893,35948511
South America,OWID_SAM,1894,36663240
South America,OWID_SAM,1895,37395860
South America,OWID_SAM,1896,38146772
South America,OWID_SAM,1897,38916387
South America,OWID_SAM,1898,39705129
South America,OWID_SAM,1899,40509877
South America,OWID_SAM,1900,41330741
South America,OWID_SAM,1901,42167855
South America,OWID_SAM,1902,43021342
South America,OWID_SAM,1903,43891359
South America,OWID_SAM,1904,44781677
South America,OWID_SAM,1905,45692841
South America,OWID_SAM,1906,46625401
South America,OWID_SAM,1907,47579926
South America,OWID_SAM,1908,48557015
South America,OWID_SAM,1909,49545768
South America,OWID_SAM,1910,50545993
South America,OWID_SAM,1911,51557488
South America,OWID_SAM,1912,52579990
South America,OWID_SAM,1913,53613237
South America,OWID_SAM,1914,54668408
South America,OWID_SAM,1915,55745990
South America,OWID_SAM,1916,56846479
South America,OWID_SAM,1917,57970388
South America,OWID_SAM,1918,59102586
South America,OWID_SAM,1919,60264993
South America,OWID_SAM,1920,61458404
South America,OWID_SAM,1921,62683653
South America,OWID_SAM,1922,63941565
South America,OWID_SAM,1923,65233001
South America,OWID_SAM,1924,66552723
South America,OWID_SAM,1925,67901379
South America,OWID_SAM,1926,69279649
South America,OWID_SAM,1927,70688219
South America,OWID_SAM,1928,72127798
South America,OWID_SAM,1929,73565553
South America,OWID_SAM,1930,75000544
South America,OWID_SAM,1931,76431800
South America,OWID_SAM,1932,77858278
South America,OWID_SAM,1933,79278889
South America,OWID_SAM,1934,80726067
South America,OWID_SAM,1935,82200318
South America,OWID_SAM,1936,83702161
South America,OWID_SAM,1937,85232121
South America,OWID_SAM,1938,86790735
South America,OWID_SAM,1939,88464085
South America,OWID_SAM,1940,90256708
South America,OWID_SAM,1941,92173092
South America,OWID_SAM,1942,94218266
South America,OWID_SAM,1943,96397220
South America,OWID_SAM,1944,98629580
South America,OWID_SAM,1945,100916695
South America,OWID_SAM,1946,103259939
South America,OWID_SAM,1947,105660736
South America,OWID_SAM,1948,108120539
South America,OWID_SAM,1949,110738339
South America,OWID_SAM,1950,112973206
South America,OWID_SAM,1951,116032097
South America,OWID_SAM,1952,119207173
South America,OWID_SAM,1953,122485445
South America,OWID_SAM,1954,125865619
South America,OWID_SAM,1955,129351392
South America,OWID_SAM,1956,132949203
South America,OWID_SAM,1957,136660910
South America,OWID_SAM,1958,140478152
South America,OWID_SAM,1959,144408289
South America,OWID_SAM,1960,148441136
South America,OWID_SAM,1961,152563381
South America,OWID_SAM,1962,156774169
South America,OWID_SAM,1963,161065580
South America,OWID_SAM,1964,165413050
South America,OWID_SAM,1965,169787372
South America,OWID_SAM,1966,174174981
South America,OWID_SAM,1967,178570551
South America,OWID_SAM,1968,182977284
South America,OWID_SAM,1969,187410578
South America,OWID_SAM,1970,191855157
South America,OWID_SAM,1971,196342426
South America,OWID_SAM,1972,200916855
South America,OWID_SAM,1973,205568584
South America,OWID_SAM,1974,210289337
South America,OWID_SAM,1975,215072895
South America,OWID_SAM,1976,219943070
South America,OWID_SAM,1977,224941182
South America,OWID_SAM,1978,230064004
South America,OWID_SAM,1979,235280221
South America,OWID_SAM,1980,240599668
South America,OWID_SAM,1981,246004203
South America,OWID_SAM,1982,251463267
South America,OWID_SAM,1983,256993747
South America,OWID_SAM,1984,262567857
South America,OWID_SAM,1985,268127340
South America,OWID_SAM,1986,273653738
South America,OWID_SAM,1987,279159631
South America,OWID_SAM,1988,284663487
South America,OWID_SAM,1989,290157633
South America,OWID_SAM,1990,295639583
South America,OWID_SAM,1991,301035777
South America,OWID_SAM,1992,306386108
South America,OWID_SAM,1993,311712472
South America,OWID_SAM,1994,316983654
South America,OWID_SAM,1995,322239766
South America,OWID_SAM,1996,327454409
South America,OWID_SAM,1997,332642670
South America,OWID_SAM,1998,337868219
South America,OWID_SAM,1999,343039488
South America,OWID_SAM,2000,348018743
South America,OWID_SAM,2001,352811861
South America,OWID_SAM,2002,357458493
South America,OWID_SAM,2003,361970820
South America,OWID_SAM,2004,366372166
South America,OWID_SAM,2005,370696350
South America,OWID_SAM,2006,374925352
South America,OWID_SAM,2007,379035651
South America,OWID_SAM,2008,383025009
South America,OWID_SAM,2009,386904378
South America,OWID_SAM,2010,390701117
South America,OWID_SAM,2011,394477912
South America,OWID_SAM,2012,398255319
South America,OWID_SAM,2013,402022546
South America,OWID_SAM,2014,405812435
South America,OWID_SAM,2015,409619969
South America,OWID_SAM,2016,413395039
South America,OWID_SAM,2017,417045362
South America,OWID_SAM,2018,420440405
South America,OWID_SAM,2019,423548291
South America,OWID_SAM,2020,426213552
South America,OWID_SAM,2021,428331419
South America,OWID_SAM,2022,430492816
South America,OWID_SAM,2023,433024223
World,OWID_WRL,-10000,4501152
World,OWID_WRL,-9000,5687125
World,OWID_WRL,-8000,7314623
World,OWID_WRL,-7000,9651703
World,OWID_WRL,-6000,13278309
World,OWID_WRL,-5000,19155698
World,OWID_WRL,-4000,28859174
World,OWID_WRL,-3000,44577880
World,OWID_WRL,-2000,72685064
World,OWID_WRL,-1000,110530464
World,OWID_WRL,0,232268832
World,OWID_WRL,100,237052192
World,OWID_WRL,200,240762160
World,OWID_WRL,300,227702848
World,OWID_WRL,400,241697008
World,OWID_WRL,500,253395808
World,OWID_WRL,600,271638944
World,OWID_WRL,700,278346080
World,OWID_WRL,800,285870176
World,OWID_WRL,900,311142688
World,OWID_WRL,1000,323462624
World,OWID_WRL,1100,397889888
World,OWID_WRL,1200,444653984
World,OWID_WRL,1300,456248096
World,OWID_WRL,1400,442309216
World,OWID_WRL,1500,503051104
World,OWID_WRL,1600,516147616
World,OWID_WRL,1700,595456896
World,OWID_WRL,1710,617975872
World,OWID_WRL,1720,648184768
World,OWID_WRL,1730,670899968
World,OWID_WRL,1740,702227776
World,OWID_WRL,1750,753279296
World,OWID_WRL,1760,788254976
World,OWID_WRL,1770,827951488
World,OWID_WRL,1780,900945152
World,OWID_WRL,1790,942261696
World,OWID_WRL,1800,983104755
World,OWID_WRL,1801,986464967
World,OWID_WRL,1802,989864750
World,OWID_WRL,1803,993304404
World,OWID_WRL,1804,996784263
World,OWID_WRL,1805,1000304675
World,OWID_WRL,1806,1003866016
World,OWID_WRL,1807,1007468698
World,OWID_WRL,1808,1011113144
World,OWID_WRL,1809,1014799822
World,OWID_WRL,1810,1020150076
World,OWID_WRL,1811,1025557675
World,OWID_WRL,1812,1031616616
World,OWID_WRL,1813,1038342722
World,OWID_WRL,1814,1045238421
World,OWID_WRL,1815,1052307852
World,OWID_WRL,1816,1059555372
World,OWID_WRL,1817,1066985519
World,OWID_WRL,1818,1074603043
World,OWID_WRL,1819,1082114553
World,OWID_WRL,1820,1089507052
World,OWID_WRL,1821,1096534977
World,OWID_WRL,1822,1103392066
World,OWID_WRL,1823,1110594705
World,OWID_WRL,1824,1117897019
World,OWID_WRL,1825,1125304048
World,OWID_WRL,1826,1132861806
World,OWID_WRL,1827,1140524282
World,OWID_WRL,1828,1148292956
World,OWID_WRL,1829,1155618460
World,OWID_WRL,1830,1162497339
World,OWID_WRL,1831,1168886301
World,OWID_WRL,1832,1174792985
World,OWID_WRL,1833,1180213555
World,OWID_WRL,1834,1185694036
World,OWID_WRL,1835,1191237685
World,OWID_WRL,1836,1196838401
World,OWID_WRL,1837,1202503348
World,OWID_WRL,1838,1208233715
World,OWID_WRL,1839,1213934891
World,OWID_WRL,1840,1219617217
World,OWID_WRL,1841,1225283810
World,OWID_WRL,1842,1230929323
World,OWID_WRL,1843,1236555463
World,OWID_WRL,1844,1242258939
World,OWID_WRL,1845,1248042343
World,OWID_WRL,1846,1253907423
World,OWID_WRL,1847,1259855932
World,OWID_WRL,1848,1265889730
World,OWID_WRL,1849,1271136843
World,OWID_WRL,1850,1275602897
World,OWID_WRL,1851,1278768180
World,OWID_WRL,1852,1281158448
World,OWID_WRL,1853,1282781891
World,OWID_WRL,1854,1284514999
World,OWID_WRL,1855,1286359120
World,OWID_WRL,1856,1288315736
World,OWID_WRL,1857,1290386388
World,OWID_WRL,1858,1292572700
World,OWID_WRL,1859,1295121860
World,OWID_WRL,1860,1298027373
World,OWID_WRL,1861,1301279942
World,OWID_WRL,1862,1304883100
World,OWID_WRL,1863,1308825538
World,OWID_WRL,1864,1312850777
World,OWID_WRL,1865,1316952210
World,OWID_WRL,1866,1321129252
World,OWID_WRL,1867,1325389634
World,OWID_WRL,1868,1329732282
World,OWID_WRL,1869,1334654211
World,OWID_WRL,1870,1340168478
World,OWID_WRL,1871,1346202715
World,OWID_WRL,1872,1352896118
World,OWID_WRL,1873,1360163018
World,OWID_WRL,1874,1367501771
World,OWID_WRL,1875,1374940414
World,OWID_WRL,1876,1382459121
World,OWID_WRL,1877,1390028839
World,OWID_WRL,1878,1397666358
World,OWID_WRL,1879,1405838237
World,OWID_WRL,1880,1414583216
World,OWID_WRL,1881,1423919001
World,OWID_WRL,1882,1433850986
World,OWID_WRL,1883,1444371648
World,OWID_WRL,1884,1455021634
World,OWID_WRL,1885,1465857041
World,OWID_WRL,1886,1476798447
World,OWID_WRL,1887,1487893376
World,OWID_WRL,1888,1499115427
World,OWID_WRL,1889,1510109709
World,OWID_WRL,1890,1520891633
World,OWID_WRL,1891,1531425085
World,OWID_WRL,1892,1541712153
World,OWID_WRL,1893,1551756342
World,OWID_WRL,1894,1561938512
World,OWID_WRL,1895,1572272041
World,OWID_WRL,1896,1582693744
World,OWID_WRL,1897,1593261169
World,OWID_WRL,1898,1603953574
World,OWID_WRL,1899,1615300901
World,OWID_WRL,1900,1627273655
World,OWID_WRL,1901,1639887187
World,OWID_WRL,1902,1653151632
World,OWID_WRL,1903,1667064512
World,OWID_WRL,1904,1681154888
World,OWID_WRL,1905,1695427510
World,OWID_WRL,1906,1709887300
World,OWID_WRL,1907,1724558347
World,OWID_WRL,1908,1739441480
World,OWID_WRL,1909,1753729257
World,OWID_WRL,1910,1767417985
World,OWID_WRL,1911,1780422213
World,OWID_WRL,1912,1792912374
World,OWID_WRL,1913,1804803374
World,OWID_WRL,1914,1816884694
World,OWID_WRL,1915,1829102909
World,OWID_WRL,1916,1841395693
World,OWID_WRL,1917,1853777065
World,OWID_WRL,1918,1866778878
World,OWID_WRL,1919,1880624916
World,OWID_WRL,1920,1895426673
World,OWID_WRL,1921,1910916276
World,OWID_WRL,1922,1927207651
World,OWID_WRL,1923,1944216846
World,OWID_WRL,1924,1961489200
World,OWID_WRL,1925,1979027667
World,OWID_WRL,1926,1996813608
World,OWID_WRL,1927,2014848732
World,OWID_WRL,1928,2033160306
World,OWID_WRL,1929,2052125441
World,OWID_WRL,1930,2071786711
World,OWID_WRL,1931,2092158599
World,OWID_WRL,1932,2113215566
World,OWID_WRL,1933,2134919626
World,OWID_WRL,1934,2156892673
World,OWID_WRL,1935,2179140887
World,OWID_WRL,1936,2201762907
World,OWID_WRL,1937,2224730578
World,OWID_WRL,1938,2248127325
World,OWID_WRL,1939,2270675197
World,OWID_WRL,1940,2291979566
World,OWID_WRL,1941,2312098978
World,OWID_WRL,1942,2331135363
World,OWID_WRL,1943,2349014611
World,OWID_WRL,1944,2366918849
World,OWID_WRL,1945,2384671779
World,OWID_WRL,1946,2402301767
World,OWID_WRL,1947,2421291820
World,OWID_WRL,1948,2441897177
World,OWID_WRL,1949,2467923023
World,OWID_WRL,1950,2493092852
World,OWID_WRL,1951,2536927034
World,OWID_WRL,1952,2584086340
World,OWID_WRL,1953,2634106241
World,OWID_WRL,1954,2685894857
World,OWID_WRL,1955,2740213796
World,OWID_WRL,1956,2795409991
World,OWID_WRL,1957,2852618331
World,OWID_WRL,1958,2911249671
World,OWID_WRL,1959,2965950350
World,OWID_WRL,1960,3015470889
World,OWID_WRL,1961,3064869675
World,OWID_WRL,1962,3123374312
World,OWID_WRL,1963,3192807826
World,OWID_WRL,1964,3264487343
World,OWID_WRL,1965,3334533710
World,OWID_WRL,1966,3404041131
World,OWID_WRL,1967,3473412877
World,OWID_WRL,1968,3545187246
World,OWID_WRL,1969,3619491581
World,OWID_WRL,1970,3694683794
World,OWID_WRL,1971,3769847867
World,OWID_WRL,1972,3844917684
World,OWID_WRL,1973,3920805041
World,OWID_WRL,1974,3996416100
World,OWID_WRL,1975,4070735279
World,OWID_WRL,1976,4144246382
World,OWID_WRL,1977,4217863796
World,OWID_WRL,1978,4292097499
World,OWID_WRL,1979,4368539520
World,OWID_WRL,1980,4447606240
World,OWID_WRL,1981,4528777306
World,OWID_WRL,1982,4612673415
World,OWID_WRL,1983,4697327573
World,OWID_WRL,1984,4782175518
World,OWID_WRL,1985,4868943457
World,OWID_WRL,1986,4958072839
World,OWID_WRL,1987,5049746390
World,OWID_WRL,1988,5141992540
World,OWID_WRL,1989,5234431736
World,OWID_WRL,1990,5327803106
World,OWID_WRL,1991,5418735886
World,OWID_WRL,1992,5505989815
World,OWID_WRL,1993,5591544802
World,OWID_WRL,1994,5675551258
World,OWID_WRL,1995,5758878977
World,OWID_WRL,1996,5842055730
World,OWID_WRL,1997,5924787819
World,OWID_WRL,1998,6007066691
World,OWID_WRL,1999,6089006328
World,OWID_WRL,2000,6171702992
World,OWID_WRL,2001,6254936464
World,OWID_WRL,2002,6337730343
World,OWID_WRL,2003,6420361633
World,OWID_WRL,2004,6503377774
World,OWID_WRL,2005,6586970132
World,OWID_WRL,2006,6671452019
World,OWID_WRL,2007,6757308776
World,OWID_WRL,2008,6844457659
World,OWID_WRL,2009,6932766416
World,OWID_WRL,2010,7021732143
World,OWID_WRL,2011,7110923773
World,OWID_WRL,2012,7201202478
World,OWID_WRL,2013,7291793585
World,OWID_WRL,2014,7381616239
World,OWID_WRL,2015,7470491876
World,OWID_WRL,2016,7558554527
World,OWID_WRL,2017,7645617952
World,OWID_WRL,2018,7729902779
World,OWID_WRL,2019,7811293699
World,OWID_WRL,2020,7887001289
World,OWID_WRL,2021,7954448387
World,OWID_WRL,2022,8021407196
World,OWID_WRL,2023,8091734933